Character,Class,Equip,Arcana,Journey,DPS,MaxHit
레이시,레인저,통찰4세트,레인저A,AX,6357.82,49202.0
레이시,레인저,통찰4세트,레인저C,AX,6240.31,48146.58
레이시,레인저,통찰4세트,레인저D,AX,6162.68,47607.64
레이시,레인저,공격4세트,레인저C,AX,6131.26,47366.77
레이시,레인저,통찰4세트,레인저B,AX,6127.28,50511.94
레이시,레인저,공격4세트,레인저B,AX,6112.89,51489.84
레이시,레인저,공격4세트,레인저A,AX,6107.75,47448.64
레이시,레인저,파괴4세트,레인저C,AX,6068.47,46861.35
레이시,레인저,파괴4세트,레인저A,AX,6047.48,46934.41
레이시,레인저,파괴4세트,레인저B,AX,6025.69,50266.59
레이시,레인저,통찰4세트,레인저A,FX,5991.99,52301.46
레이시,레인저,속도4세트,레인저C,AX,5940.39,42269.15
레이시,레인저,공격4세트,레인저D,AX,5931.47,45824.8
레이시,레인저,속도4세트,레인저B,AX,5922.59,45948.49
레이시,레인저,속도4세트,레인저A,AX,5917.61,42342.2
레이시,레인저,통찰4세트,레인저C,FX,5892.17,51349.48
레이시,레인저,통찰4세트,레인저A,EX,5808.57,45901.17
레이시,레인저,파괴4세트,레인저D,AX,5756.31,44513.58
레이시,레인저,통찰4세트,레인저D,FX,5731.12,50271.92
레이시,레인저,속도4세트,레인저D,AX,5723.7,40728.58
레이시,레인저,통찰4세트,레인저B,FX,5689.97,52390.32
레이시,레인저,통찰4세트,레인저C,EX,5669.61,44654.76
레이시,레인저,통찰4세트,레인저D,EX,5603.41,44458.42
레이시,레인저,공격4세트,레인저C,FX,5564.39,49984.18
레이시,레인저,공격4세트,레인저A,FX,5549.45,50058.25
레이시,레인저,파괴4세트,레인저A,EX,5548.04,45402.15
레이시,레인저,통찰4세트,레인저B,EX,5531.63,46652.13
레이시,레인저,공격4세트,레인저A,EX,5530.65,45342.05
레이시,레인저,파괴4세트,레인저C,EX,5524.61,45048.64
레이시,레인저,공격4세트,레인저B,FX,5511.56,53094.23
레이시,레인저,공격4세트,레인저C,EX,5504.26,44943.75
레이시,레인저,체력4세트,레인저C,AX,5471.41,42269.15
레이시,레인저,체력4세트,레인저B,AX,5455.02,45948.49
레이시,레인저,체력4세트,레인저A,AX,5450.43,42342.2
레이시,레인저,공격4세트,레인저B,EX,5436.78,47953.53
레이시,레인저,파괴4세트,레인저B,EX,5424.73,47312.05
레이시,레인저,파괴4세트,레인저C,FX,5419.9,48495.31
레이시,레인저,파괴4세트,레인저A,FX,5406.65,48561.05
레이시,레인저,속도4세트,레인저C,FX,5361.92,44362.88
레이시,레인저,속도4세트,레인저A,EX,5358.09,40242.82
레이시,레인저,파괴4세트,레인저B,FX,5347.91,50994.72
레이시,레인저,속도4세트,레인저A,FX,5347.52,44428.62
레이시,레인저,속도4세트,레인저C,EX,5332.66,39889.31
레이시,레인저,공격4세트,레인저D,EX,5329.54,43694.81
레이시,레인저,속도4세트,레인저B,FX,5311.02,47123.17
레이시,레인저,공격4세트,레인저D,FX,5295.16,47726.89
레이시,레인저,체력4세트,레인저D,AX,5271.83,40728.58
레이시,레인저,속도4세트,레인저B,EX,5267.63,42560.61
레이시,레인저,파괴4세트,레인저D,EX,5246.66,42975.98
레이시,레인저,속도4세트,레인저D,EX,5139.11,38609.24
레이시,레인저,속도4세트,레인저D,FX,5079.91,42172.04
레이시,레인저,파괴4세트,레인저D,FX,5067.47,45569.66
레이시,레인저,체력4세트,레인저C,FX,4938.61,44362.88
레이시,레인저,체력4세트,레인저A,EX,4935.08,40242.82
레이시,레인저,체력4세트,레인저A,FX,4925.35,44428.62
레이시,레인저,체력4세트,레인저C,EX,4911.66,39889.31
레이시,레인저,체력4세트,레인저B,FX,4891.72,47123.17
레이시,레인저,체력4세트,레인저B,EX,4851.76,42560.61
레이시,레인저,체력4세트,레인저D,EX,4733.39,38609.24
레이시,레인저,체력4세트,레인저D,FX,4678.87,42172.04
로자리아,레인저,통찰4세트,레인저A,AX,8012.85,85925.41
로자리아,레인저,통찰4세트,레인저C,AX,7976.75,86351.46
로자리아,레인저,통찰4세트,레인저B,AX,7814.46,84507.76
로자리아,레인저,통찰4세트,레인저D,AX,7755.0,84401.32
로자리아,레인저,공격4세트,레인저B,AX,7652.29,80172.8
로자리아,레인저,공격4세트,레인저C,AX,7608.96,77614.51
로자리아,레인저,공격4세트,레인저A,AX,7482.96,75706.49
로자리아,레인저,속도4세트,레인저B,AX,7430.79,71505.53
로자리아,레인저,파괴4세트,레인저B,AX,7421.76,77434.01
로자리아,레인저,파괴4세트,레인저C,AX,7411.39,75569.32
로자리아,레인저,통찰4세트,레인저A,FX,7389.94,79606.04
로자리아,레인저,속도4세트,레인저C,AX,7388.71,69223.81
로자리아,레인저,통찰4세트,레인저C,FX,7355.28,79961.92
로자리아,레인저,파괴4세트,레인저A,AX,7299.02,73867.57
로자리아,레인저,속도4세트,레인저A,AX,7266.37,67522.06
로자리아,레인저,공격4세트,레인저D,AX,7263.16,70963.46
로자리아,레인저,통찰4세트,레인저A,EX,7073.35,73743.54
로자리아,레인저,통찰4세트,레인저D,FX,7055.35,77110.2
로자리아,레인저,통찰4세트,레인저B,FX,7054.47,76130.26
로자리아,레인저,속도4세트,레인저D,AX,7024.27,63034.64
로자리아,레인저,통찰4세트,레인저C,EX,6996.03,73718.12
로자리아,레인저,파괴4세트,레인저D,AX,6954.0,68254.33
로자리아,레인저,통찰4세트,레인저D,EX,6881.08,72844.55
로자리아,레인저,체력4세트,레인저B,AX,6825.02,71505.53
로자리아,레인저,체력4세트,레인저C,AX,6786.37,69223.81
로자리아,레인저,통찰4세트,레인저B,EX,6762.89,71032.44
로자리아,레인저,공격4세트,레인저C,FX,6758.75,69456.31
로자리아,레인저,공격4세트,레인저B,FX,6724.07,70533.53
로자리아,레인저,공격4세트,레인저C,EX,6697.34,67846.26
로자리아,레인저,체력4세트,레인저A,AX,6674.0,67522.06
로자리아,레인저,공격4세트,레인저A,FX,6663.59,67866.04
로자리아,레인저,공격4세트,레인저A,EX,6645.46,66633.98
로자리아,레인저,공격4세트,레인저B,EX,6624.07,68057.09
로자리아,레인저,파괴4세트,레인저C,EX,6603.26,66778.49
로자리아,레인저,파괴4세트,레인저A,EX,6557.24,65703.19
로자리아,레인저,속도4세트,레인저C,FX,6527.16,61608.19
로자리아,레인저,파괴4세트,레인저B,EX,6494.27,66335.25
로자리아,레인저,속도4세트,레인저B,FX,6493.67,62563.69
로자리아,레인저,파괴4세트,레인저C,FX,6492.78,66867.97
로자리아,레인저,속도4세트,레인저C,EX,6491.61,60180.07
로자리아,레인저,체력4세트,레인저D,AX,6451.64,63034.64
로자리아,레인저,속도4세트,레인저A,EX,6441.51,59104.77
로자리아,레인저,속도4세트,레인저A,FX,6435.26,60197.61
로자리아,레인저,파괴4세트,레인저B,FX,6435.12,67426.66
로자리아,레인저,속도4세트,레인저B,EX,6420.86,60367.07
로자리아,레인저,파괴4세트,레인저A,FX,6408.38,65457.39
로자리아,레인저,공격4세트,레인저D,EX,6405.0,65599.04
로자리아,레인저,공격4세트,레인저D,FX,6350.96,62823.41
로자리아,레인저,파괴4세트,레인저D,EX,6208.99,63494.34
로자리아,레인저,속도4세트,레인저D,EX,6179.47,57926.69
로자리아,레인저,속도4세트,레인저D,FX,6105.93,55475.69
로자리아,레인저,파괴4세트,레인저D,FX,6006.2,59786.46
로자리아,레인저,체력4세트,레인저C,FX,5995.06,61608.19
로자리아,레인저,체력4세트,레인저B,FX,5964.29,62563.69
로자리아,레인저,체력4세트,레인저C,EX,5962.41,60180.07
로자리아,레인저,체력4세트,레인저A,EX,5916.39,59104.77
로자리아,레인저,체력4세트,레인저A,FX,5910.65,60197.61
로자리아,레인저,체력4세트,레인저B,EX,5897.42,60367.07
로자리아,레인저,체력4세트,레인저D,EX,5675.71,57926.69
로자리아,레인저,체력4세트,레인저D,FX,5608.16,55475.69
로자리아(공버프),레인저,통찰4세트,레인저A,AX,8477.84,85925.41
로자리아(공버프),레인저,통찰4세트,레인저C,AX,8437.32,86351.46
로자리아(공버프),레인저,통찰4세트,레인저B,AX,8307.68,84507.76
로자리아(공버프),레인저,통찰4세트,레인저D,AX,8210.16,84401.32
로자리아(공버프),레인저,공격4세트,레인저B,AX,8149.36,80172.8
로자리아(공버프),레인저,공격4세트,레인저C,AX,8080.24,77614.51
로자리아(공버프),레인저,공격4세트,레인저A,AX,7948.38,75706.49
로자리아(공버프),레인저,속도4세트,레인저B,AX,7913.47,71505.53
로자리아(공버프),레인저,파괴4세트,레인저B,AX,7905.4,77434.01
로자리아(공버프),레인저,통찰4세트,레인저A,FX,7894.47,79606.04
로자리아(공버프),레인저,파괴4세트,레인저C,AX,7872.03,75569.32
로자리아(공버프),레인저,통찰4세트,레인저C,FX,7855.6,79961.92
로자리아(공버프),레인저,속도4세트,레인저C,AX,7846.35,69223.81
로자리아(공버프),레인저,파괴4세트,레인저A,AX,7754.42,73867.57
로자리아(공버프),레인저,공격4세트,레인저D,AX,7721.45,70963.46
로자리아(공버프),레인저,속도4세트,레인저A,AX,7718.31,67522.06
로자리아(공버프),레인저,통찰4세트,레인저B,FX,7585.86,76130.26
로자리아(공버프),레인저,통찰4세트,레인저D,FX,7542.51,77110.2
로자리아(공버프),레인저,통찰4세트,레인저A,EX,7531.62,73743.54
로자리아(공버프),레인저,속도4세트,레인저D,AX,7467.49,63034.64
로자리아(공버프),레인저,통찰4세트,레인저C,EX,7447.03,73718.12
로자리아(공버프),레인저,파괴4세트,레인저D,AX,7393.72,68254.33
로자리아(공버프),레인저,통찰4세트,레인저D,EX,7328.56,72844.55
로자리아(공버프),레인저,체력4세트,레인저B,AX,7268.35,71505.53
로자리아(공버프),레인저,공격4세트,레인저C,FX,7249.93,69456.31
로자리아(공버프),레인저,통찰4세트,레인저B,EX,7248.02,71032.44
로자리아(공버프),레인저,공격4세트,레인저B,FX,7239.92,70533.53
로자리아(공버프),레인저,체력4세트,레인저C,AX,7206.71,69223.81
로자리아(공버프),레인저,공격4세트,레인저C,EX,7162.63,67846.26
로자리아(공버프),레인저,공격4세트,레인저A,FX,7149.16,67866.04
로자리아(공버프),레인저,공격4세트,레인저B,EX,7117.49,68057.09
로자리아(공버프),레인저,공격4세트,레인저A,EX,7108.59,66633.98
로자리아(공버프),레인저,체력4세트,레인저A,AX,7089.1,67522.06
로자리아(공버프),레인저,파괴4세트,레인저C,EX,7064.54,66778.49
로자리아(공버프),레인저,파괴4세트,레인저A,EX,7016.6,65703.19
로자리아(공버프),레인저,속도4세트,레인저C,FX,7001.51,61608.19
로자리아(공버프),레인저,속도4세트,레인저B,FX,6991.84,62563.69
로자리아(공버프),레인저,파괴4세트,레인저B,EX,6980.49,66335.25
로자리아(공버프),레인저,파괴4세트,레인저C,FX,6966.81,66867.97
로자리아(공버프),레인저,속도4세트,레인저C,EX,6940.96,60180.07
로자리아(공버프),레인저,파괴4세트,레인저B,FX,6931.03,67426.66
로자리아(공버프),레인저,속도4세트,레인저A,FX,6904.19,60197.61
로자리아(공버프),레인저,속도4세트,레인저B,EX,6897.36,60367.07
로자리아(공버프),레인저,속도4세트,레인저A,EX,6888.77,59104.77
로자리아(공버프),레인저,파괴4세트,레인저A,FX,6877.43,65457.39
로자리아(공버프),레인저,공격4세트,레인저D,EX,6860.05,65599.04
로자리아(공버프),레인저,체력4세트,레인저D,AX,6858.73,63034.64
로자리아(공버프),레인저,공격4세트,레인저D,FX,6821.5,62823.41
로자리아(공버프),레인저,파괴4세트,레인저D,EX,6651.63,63494.34
로자리아(공버프),레인저,속도4세트,레인저D,EX,6616.96,57926.69
로자리아(공버프),레인저,속도4세트,레인저D,FX,6558.32,55475.69
로자리아(공버프),레인저,파괴4세트,레인저D,FX,6452.71,59786.46
로자리아(공버프),레인저,체력4세트,레인저C,FX,6430.74,61608.19
로자리아(공버프),레인저,체력4세트,레인저B,FX,6421.86,62563.69
로자리아(공버프),레인저,체력4세트,레인저C,EX,6375.12,60180.07
로자리아(공버프),레인저,체력4세트,레인저A,FX,6341.35,60197.61
로자리아(공버프),레인저,체력4세트,레인저B,EX,6335.08,60367.07
로자리아(공버프),레인저,체력4세트,레인저A,EX,6327.18,59104.77
로자리아(공버프),레인저,체력4세트,레인저D,EX,6077.53,57926.69
로자리아(공버프),레인저,체력4세트,레인저D,FX,6023.67,55475.69
로자리아(패시브1lv),레인저,공격4세트,레인저B,AX,6278.18,91511.81
로자리아(패시브1lv),레인저,파괴4세트,레인저B,AX,6164.34,88728.72
로자리아(패시브1lv),레인저,통찰4세트,레인저B,AX,6160.57,87619.98
로자리아(패시브1lv),레인저,속도4세트,레인저B,AX,6031.25,80745.79
로자리아(패시브1lv),레인저,공격4세트,레인저A,AX,5934.35,81040.4
로자리아(패시브1lv),레인저,공격4세트,레인저C,AX,5869.94,80420.49
로자리아(패시브1lv),레인저,파괴4세트,레인저A,AX,5860.97,79489.22
로자리아(패시브1lv),레인저,통찰4세트,레인저A,AX,5857.2,78380.48
로자리아(패시브1lv),레인저,파괴4세트,레인저C,AX,5804.13,78942.24
로자리아(패시브1lv),레인저,공격4세트,레인저D,AX,5731.9,78697.38
로자리아(패시브1lv),레인저,속도4세트,레인저A,AX,5700.95,71506.3
로자리아(패시브1lv),레인저,통찰4세트,레인저C,AX,5680.17,76503.02
로자리아(패시브1lv),레인저,속도4세트,레인저C,AX,5639.07,70959.32
로자리아(패시브1lv),레인저,통찰4세트,레인저D,AX,5629.06,75699.43
로자리아(패시브1lv),레인저,파괴4세트,레인저D,AX,5555.74,75912.3
로자리아(패시브1lv),레인저,체력4세트,레인저B,AX,5539.57,80745.79
로자리아(패시브1lv),레인저,속도4세트,레인저D,AX,5479.6,69100.21
로자리아(패시브1lv),레인저,체력4세트,레인저A,AX,5236.2,71506.3
로자리아(패시브1lv),레인저,체력4세트,레인저C,AX,5179.37,70959.32
로자리아(패시브1lv),레인저,체력4세트,레인저D,AX,5032.89,69100.21
로자리아(패시브1lv),레인저,통찰4세트,레인저B,EX,4980.04,60797.24
로자리아(패시브1lv),레인저,통찰4세트,레인저B,FX,4975.82,66595.07
로자리아(패시브1lv),레인저,공격4세트,레인저B,EX,4946.58,64057.22
로자리아(패시브1lv),레인저,공격4세트,레인저B,FX,4911.98,67678.05
로자리아(패시브1lv),레인저,파괴4세트,레인저B,EX,4907.77,62546.58
로자리아(패시브1lv),레인저,통찰4세트,레인저A,EX,4768.87,54549.58
로자리아(패시브1lv),레인저,통찰4세트,레인저A,FX,4764.65,60347.41
로자리아(패시브1lv),레인저,속도4세트,레인저B,EX,4760.98,56148.98
로자리아(패시브1lv),레인저,파괴4세트,레인저B,FX,4745.26,64720.77
로자리아(패시브1lv),레인저,공격4세트,레인저A,EX,4705.66,56929.62
로자리아(패시브1lv),레인저,파괴4세트,레인저A,EX,4696.6,56298.92
로자리아(패시브1lv),레인저,속도4세트,레인저B,FX,4687.72,59322.79
로자리아(패시브1lv),레인저,공격4세트,레인저A,FX,4671.07,60550.44
로자리아(패시브1lv),레인저,통찰4세트,레인저C,FX,4635.36,59077.88
로자리아(패시브1lv),레인저,파괴4세트,레인저C,EX,4624.43,55629.17
로자리아(패시브1lv),레인저,공격4세트,레인저C,EX,4623.33,56165.54
로자리아(패시브1lv),레인저,공격4세트,레인저C,FX,4621.33,60128.48
로자리아(패시브1lv),레인저,통찰4세트,레인저C,EX,4611.01,52980.17
로자리아(패시브1lv),레인저,통찰4세트,레인저D,EX,4553.85,52551.05
로자리아(패시브1lv),레인저,파괴4세트,레인저A,FX,4534.09,58473.11
로자리아(패시브1lv),레인저,속도4세트,레인저A,EX,4531.06,49901.32
로자리아(패시브1lv),레인저,통찰4세트,레인저D,FX,4520.85,57601.27
로자리아(패시브1lv),레인저,공격4세트,레인저D,EX,4509.32,55172.54
로자리아(패시브1lv),레인저,파괴4세트,레인저C,FX,4490.49,58103.25
로자리아(패시브1lv),레인저,속도4세트,레인저A,FX,4457.81,53075.13
로자리아(패시브1lv),레인저,속도4세트,레인저C,EX,4452.49,49231.57
로자리아(패시브1lv),레인저,공격4세트,레인저D,FX,4445.54,58082.72
로자리아(패시브1lv),레인저,파괴4세트,레인저D,EX,4422.96,53652.05
로자리아(패시브1lv),레인저,속도4세트,레인저C,FX,4410.33,52705.27
로자리아(패시브1lv),레인저,체력4세트,레인저B,EX,4372.85,56148.98
로자리아(패시브1lv),레인저,속도4세트,레인저D,EX,4317.32,48099.19
로자리아(패시브1lv),레인저,체력4세트,레인저B,FX,4305.57,59322.79
로자리아(패시브1lv),레인저,파괴4세트,레인저D,FX,4242.0,55231.74
로자리아(패시브1lv),레인저,속도4세트,레인저D,FX,4219.59,50636.27
로자리아(패시브1lv),레인저,체력4세트,레인저A,EX,4161.68,49901.32
로자리아(패시브1lv),레인저,체력4세트,레인저A,FX,4094.4,53075.13
로자리아(패시브1lv),레인저,체력4세트,레인저C,EX,4089.52,49231.57
로자리아(패시브1lv),레인저,체력4세트,레인저C,FX,4050.8,52705.27
로자리아(패시브1lv),레인저,체력4세트,레인저D,EX,3965.37,48099.19
로자리아(패시브1lv),레인저,체력4세트,레인저D,FX,3875.6,50636.27
루나,캐스터,통찰4세트,캐스터C,AX,5578.91,49674.58
루나,캐스터,통찰4세트,캐스터B,AX,5474.2,48921.01
루나,캐스터,통찰4세트,캐스터A,AX,5457.2,50688.14
루나,캐스터,파괴4세트,캐스터B,AX,5322.83,46798.91
루나,캐스터,파괴4세트,캐스터A,AX,5300.36,48489.38
루나,캐스터,공격4세트,캐스터C,AX,5279.91,46193.77
루나,캐스터,파괴4세트,캐스터C,AX,5276.41,46253.23
루나,캐스터,공격4세트,캐스터B,AX,5264.19,46222.88
루나,캐스터,공격4세트,캐스터A,AX,5194.21,47713.11
루나,캐스터,속도4세트,캐스터C,AX,5174.5,41229.47
루나,캐스터,속도4세트,캐스터B,AX,5159.1,41255.45
루나,캐스터,속도4세트,캐스터A,AX,5109.66,42745.68
루나,캐스터,통찰4세트,캐스터C,FX,4947.66,38307.41
루나,캐스터,통찰4세트,캐스터A,FX,4915.54,39550.29
루나,캐스터,통찰4세트,캐스터C,EX,4911.08,35686.84
루나,캐스터,통찰4세트,캐스터B,FX,4898.4,38104.24
루나,캐스터,통찰4세트,캐스터B,EX,4740.94,34302.94
루나,캐스터,통찰4세트,캐스터A,EX,4740.33,35604.73
루나,캐스터,체력4세트,캐스터C,AX,4712.49,41229.47
루나,캐스터,체력4세트,캐스터B,AX,4698.46,41255.45
루나,캐스터,파괴4세트,캐스터A,EX,4690.38,35439.7
루나,캐스터,파괴4세트,캐스터B,EX,4689.87,34305.56
루나,캐스터,파괴4세트,캐스터C,EX,4658.07,34288.55
루나,캐스터,체력4세트,캐스터A,AX,4653.44,42745.68
루나,캐스터,공격4세트,캐스터B,FX,4642.62,36975.86
루나,캐스터,공격4세트,캐스터C,EX,4633.78,34284.59
루나,캐스터,파괴4세트,캐스터A,FX,4616.75,36448.24
루나,캐스터,공격4세트,캐스터C,FX,4614.39,36855.28
루나,캐스터,공격4세트,캐스터B,EX,4613.67,33920.68
루나,캐스터,파괴4세트,캐스터B,FX,4610.53,36450.91
루나,캐스터,공격4세트,캐스터A,FX,4609.7,36501.64
루나,캐스터,공격4세트,캐스터A,EX,4572.04,34684.45
루나,캐스터,속도4세트,캐스터C,EX,4542.71,30434.63
루나,캐스터,파괴4세트,캐스터C,FX,4537.92,36003.82
루나,캐스터,속도4세트,캐스터B,EX,4525.41,30111.58
루나,캐스터,속도4세트,캐스터B,FX,4525.33,32823.69
루나,캐스터,속도4세트,캐스터A,FX,4511.76,32536.31
루나,캐스터,속도4세트,캐스터A,EX,4502.28,30916.52
루나,캐스터,속도4세트,캐스터C,FX,4497.81,32716.65
루나,캐스터,체력4세트,캐스터C,EX,4137.11,30434.63
루나,캐스터,체력4세트,캐스터B,EX,4121.35,30111.58
루나,캐스터,체력4세트,캐스터B,FX,4121.28,32823.69
루나,캐스터,체력4세트,캐스터A,FX,4108.93,32536.31
루나,캐스터,체력4세트,캐스터A,EX,4100.29,30916.52
루나,캐스터,체력4세트,캐스터C,FX,4096.22,32716.65
리디아,레인저,통찰4세트,레인저A,AX,5445.29,49502.04
리디아,레인저,통찰4세트,레인저C,AX,5432.15,49663.96
리디아,레인저,공격4세트,레인저C,AX,5414.96,49576.53
리디아,레인저,공격4세트,레인저B,AX,5358.26,46549.38
리디아,레인저,통찰4세트,레인저D,AX,5354.74,49108.79
리디아,레인저,통찰4세트,레인저B,AX,5348.45,46487.45
리디아,레인저,파괴4세트,레인저C,AX,5329.64,49647.96
리디아,레인저,공격4세트,레인저A,AX,5289.1,48163.0
리디아,레인저,파괴4세트,레인저B,AX,5260.97,46779.86
리디아,레인저,공격4세트,레인저D,AX,5234.28,48250.62
리디아,레인저,파괴4세트,레인저A,AX,5218.65,48401.46
리디아,레인저,속도4세트,레인저C,AX,5203.97,43718.04
리디아,레인저,속도4세트,레인저B,AX,5149.48,41048.61
리디아,레인저,속도4세트,레인저A,AX,5083.01,42471.54
리디아,레인저,통찰4세트,레인저A,FX,5058.03,42115.68
리디아,레인저,통찰4세트,레인저C,FX,5045.75,42233.81
리디아,레인저,파괴4세트,레인저D,AX,5042.89,47304.71
리디아,레인저,속도4세트,레인저D,AX,5005.55,42339.25
리디아,레인저,통찰4세트,레인저B,FX,4895.85,38788.9
리디아,레인저,통찰4세트,레인저D,FX,4890.32,40932.73
리디아,레인저,통찰4세트,레인저A,EX,4859.2,37896.54
리디아,레인저,공격4세트,레인저C,FX,4822.39,40070.94
리디아,레인저,통찰4세트,레인저C,EX,4812.37,37740.53
리디아,레인저,체력4세트,레인저C,AX,4775.07,43718.04
리디아,레인저,공격4세트,레인저B,FX,4744.66,37330.22
리디아,레인저,통찰4세트,레인저D,EX,4742.55,37479.33
리디아,레인저,공격4세트,레인저C,EX,4734.67,37823.1
리디아,레인저,파괴4세트,레인저C,EX,4726.95,38361.93
리디아,레인저,체력4세트,레인저B,AX,4725.07,41048.61
리디아,레인저,공격4세트,레인저A,FX,4723.22,39041.69
리디아,레인저,통찰4세트,레인저B,EX,4705.11,34562.25
리디아,레인저,파괴4세트,레인저A,EX,4672.33,37714.81
리디아,레인저,공격4세트,레인저A,EX,4672.31,37084.35
리디아,레인저,파괴4세트,레인저C,FX,4664.94,39389.93
리디아,레인저,체력4세트,레인저A,AX,4664.08,42471.54
리디아,레인저,공격4세트,레인저B,EX,4657.65,35013.2
리디아,레인저,파괴4세트,레인저B,EX,4631.35,35608.45
리디아,레인저,속도4세트,레인저C,FX,4603.67,35100.8
리디아,레인저,체력4세트,레인저D,AX,4593.01,42339.25
리디아,레인저,공격4세트,레인저D,EX,4583.34,36953.47
리디아,레인저,공격4세트,레인저D,FX,4582.61,38299.71
리디아,레인저,파괴4세트,레인저B,FX,4579.18,36801.12
리디아,레인저,파괴4세트,레인저A,FX,4578.07,38488.33
리디아,레인저,속도4세트,레인저C,EX,4543.78,33131.77
리디아,레인저,속도4세트,레인저B,FX,4529.47,32700.02
리디아,레인저,속도4세트,레인저A,FX,4509.01,34199.21
리디아,레인저,속도4세트,레인저A,EX,4484.26,32484.64
리디아,레인저,파괴4세트,레인저D,EX,4479.32,36657.65
리디아,레인저,속도4세트,레인저B,EX,4470.25,30670.39
리디아,레인저,속도4세트,레인저D,EX,4373.26,32192.86
리디아,레인저,속도4세트,레인저D,FX,4350.83,33365.66
리디아,레인저,파괴4세트,레인저D,FX,4348.12,36942.19
리디아,레인저,체력4세트,레인저C,FX,4224.25,35100.8
리디아,레인저,체력4세트,레인저C,EX,4169.29,33131.77
리디아,레인저,체력4세트,레인저B,FX,4156.16,32700.02
리디아,레인저,체력4세트,레인저A,FX,4137.39,34199.21
리디아,레인저,체력4세트,레인저A,EX,4114.68,32484.64
리디아,레인저,체력4세트,레인저B,EX,4101.83,30670.39
리디아,레인저,체력4세트,레인저D,EX,4012.83,32192.86
리디아,레인저,체력4세트,레인저D,FX,3992.24,33365.66
리디아(실전최적화),레인저,공격4세트,레인저B,AX,4793.35,33273.16
리디아(실전최적화),레인저,통찰4세트,레인저B,AX,4772.97,32580.48
리디아(실전최적화),레인저,파괴4세트,레인저B,AX,4740.51,33102.94
리디아(실전최적화),레인저,공격4세트,레인저C,AX,4651.04,33020.37
리디아(실전최적화),레인저,파괴4세트,레인저C,AX,4615.01,33256.2
리디아(실전최적화),레인저,속도4세트,레인저B,AX,4606.58,29341.24
리디아(실전최적화),레인저,통찰4세트,레인저A,AX,4571.46,31049.33
리디아(실전최적화),레인저,공격4세트,레인저A,AX,4564.84,31169.49
리디아(실전최적화),레인저,통찰4세트,레인저C,AX,4541.79,31991.85
리디아(실전최적화),레인저,파괴4세트,레인저A,AX,4539.0,31624.04
리디아(실전최적화),레인저,공격4세트,레인저D,AX,4535.23,32428.08
리디아(실전최적화),레인저,통찰4세트,레인저D,AX,4503.7,31875.11
리디아(실전최적화),레인저,속도4세트,레인저C,AX,4469.82,29118.33
리디아(실전최적화),레인저,파괴4세트,레인저D,AX,4404.92,31985.43
리디아(실전최적화),레인저,속도4세트,레인저A,AX,4386.97,27486.17
리디아(실전최적화),레인저,속도4세트,레인저D,AX,4337.05,28455.19
리디아(실전최적화),레인저,체력4세트,레인저B,AX,4226.92,29341.24
리디아(실전최적화),레인저,체력4세트,레인저C,AX,4101.43,29118.33
리디아(실전최적화),레인저,체력4세트,레인저A,AX,4025.41,27486.17
리디아(실전최적화),레인저,체력4세트,레인저D,AX,3979.6,28455.19
리디아(실전최적화),레인저,통찰4세트,레인저B,EX,3938.95,22754.26
리디아(실전최적화),레인저,통찰4세트,레인저B,FX,3909.2,25485.52
리디아(실전최적화),레인저,공격4세트,레인저B,EX,3851.95,23476.4
리디아(실전최적화),레인저,파괴4세트,레인저B,EX,3851.63,23578.34
리디아(실전최적화),레인저,통찰4세트,레인저A,EX,3791.49,21792.19
리디아(실전최적화),레인저,공격4세트,레인저B,FX,3780.71,25183.23
리디아(실전최적화),레인저,통찰4세트,레인저A,FX,3761.74,24796.58
리디아(실전최적화),레인저,통찰4세트,레인저C,EX,3741.17,22273.93
리디아(실전최적화),레인저,통찰4세트,레인저C,FX,3736.66,25433.72
리디아(실전최적화),레인저,파괴4세트,레인저C,EX,3729.59,23646.63
리디아(실전최적화),레인저,공격4세트,레인저C,EX,3712.63,23210.29
리디아(실전최적화),레인저,속도4세트,레인저B,EX,3711.38,20564.54
리디아(실전최적화),레인저,파괴4세트,레인저A,EX,3704.18,22698.69
리디아(실전최적화),레인저,통찰4세트,레인저D,EX,3696.32,22265.19
리디아(실전최적화),레인저,공격4세트,레인저A,EX,3683.62,22128.13
리디아(실전최적화),레인저,파괴4세트,레인저B,FX,3673.76,24602.57
리디아(실전최적화),레인저,공격4세트,레인저C,FX,3670.2,25265.21
리디아(실전최적화),레인저,통찰4세트,레인저D,FX,3640.02,24881.56
리디아(실전최적화),레인저,공격4세트,레인저D,EX,3616.54,22910.28
리디아(실전최적화),레인저,공격4세트,레인저A,FX,3612.38,24005.65
리디아(실전최적화),레인저,속도4세트,레인저B,FX,3609.24,22059.67
리디아(실전최적화),레인저,속도4세트,레인저C,EX,3578.38,20331.44
리디아(실전최적화),레인저,파괴4세트,레인저C,FX,3576.96,24928.67
리디아(실전최적화),레인저,파괴4세트,레인저D,EX,3558.33,22835.58
리디아(실전최적화),레인저,속도4세트,레인저A,EX,3550.69,19383.5
리디아(실전최적화),레인저,파괴4세트,레인저A,FX,3526.31,23825.34
리디아(실전최적화),레인저,공격4세트,레인저D,FX,3521.67,24419.03
리디아(실전최적화),레인저,속도4세트,레인저C,FX,3503.75,22131.48
리디아(실전최적화),레인저,속도4세트,레인저D,EX,3465.08,19958.81
리디아(실전최적화),레인저,속도4세트,레인저A,FX,3448.54,21028.14
리디아(실전최적화),레인저,체력4세트,레인저B,EX,3405.5,20564.54
리디아(실전최적화),레인저,파괴4세트,레인저D,FX,3366.25,23653.97
리디아(실전최적화),레인저,속도4세트,레인저D,FX,3343.55,21273.2
리디아(실전최적화),레인저,체력4세트,레인저B,FX,3311.78,22059.67
리디아(실전최적화),레인저,체력4세트,레인저C,EX,3283.46,20331.44
리디아(실전최적화),레인저,체력4세트,레인저A,EX,3258.05,19383.5
리디아(실전최적화),레인저,체력4세트,레인저C,FX,3214.98,22131.48
리디아(실전최적화),레인저,체력4세트,레인저D,EX,3179.5,19958.81
리디아(실전최적화),레인저,체력4세트,레인저A,FX,3164.32,21028.14
리디아(실전최적화),레인저,체력4세트,레인저D,FX,3067.98,21273.2
릴리,캐스터,통찰4세트,캐스터A,AX,4831.54,70187.14
릴리,캐스터,통찰4세트,캐스터C,AX,4744.15,69063.9
릴리,캐스터,공격4세트,캐스터A,AX,4716.18,69343.43
릴리,캐스터,파괴4세트,캐스터A,AX,4666.67,68843.84
릴리,캐스터,통찰4세트,캐스터B,AX,4663.19,67741.48
릴리,캐스터,속도4세트,캐스터A,AX,4647.94,62127.37
릴리,캐스터,공격4세트,캐스터B,AX,4568.95,67178.61
릴리,캐스터,공격4세트,캐스터C,AX,4561.34,67352.91
릴리,캐스터,파괴4세트,캐스터B,AX,4504.06,66444.99
릴리,캐스터,속도4세트,캐스터B,AX,4485.98,59962.55
릴리,캐스터,속도4세트,캐스터C,AX,4478.52,60118.13
릴리,캐스터,파괴4세트,캐스터C,AX,4438.77,65822.68
릴리,캐스터,통찰4세트,캐스터A,FX,4393.11,59937.73
릴리,캐스터,통찰4세트,캐스터A,EX,4277.17,55762.0
릴리,캐스터,통찰4세트,캐스터C,FX,4267.99,58237.65
릴리,캐스터,통찰4세트,캐스터B,FX,4232.57,57747.45
릴리,캐스터,체력4세트,캐스터A,AX,4225.4,62127.37
릴리,캐스터,통찰4세트,캐스터C,EX,4202.14,55031.52
릴리,캐스터,공격4세트,캐스터A,FX,4192.86,57293.39
릴리,캐스터,파괴4세트,캐스터A,EX,4149.84,55762.0
릴리,캐스터,공격4세트,캐스터A,EX,4147.73,55635.85
릴리,캐스터,통찰4세트,캐스터B,EX,4127.53,53724.31
릴리,캐스터,속도4세트,캐스터A,FX,4111.35,51072.34
릴리,캐스터,파괴4세트,캐스터A,FX,4095.7,56211.69
릴리,캐스터,속도4세트,캐스터A,EX,4080.16,49594.77
릴리,캐스터,체력4세트,캐스터B,AX,4078.17,59962.55
릴리,캐스터,체력4세트,캐스터C,AX,4071.38,60118.13
릴리,캐스터,공격4세트,캐스터B,FX,4056.28,55427.08
릴리,캐스터,공격4세트,캐스터C,EX,4021.49,54292.04
릴리,캐스터,공격4세트,캐스터B,EX,4016.18,53823.52
릴리,캐스터,공격4세트,캐스터C,FX,4011.57,54975.29
릴리,캐스터,파괴4세트,캐스터B,EX,4002.19,53724.31
릴리,캐스터,속도4세트,캐스터B,FX,3961.11,49206.02
릴리,캐스터,파괴4세트,캐스터C,EX,3957.58,53546.06
릴리,캐스터,파괴4세트,캐스터B,FX,3946.03,54157.57
릴리,캐스터,속도4세트,캐스터C,EX,3938.85,48198.38
릴리,캐스터,속도4세트,캐스터B,EX,3935.46,47782.45
릴리,캐스터,속도4세트,캐스터C,FX,3917.44,48804.95
릴리,캐스터,파괴4세트,캐스터C,FX,3858.65,53162.31
릴리,캐스터,체력4세트,캐스터A,FX,3737.59,51072.34
릴리,캐스터,체력4세트,캐스터A,EX,3709.24,49594.77
릴리,캐스터,체력4세트,캐스터B,FX,3601.01,49206.02
릴리,캐스터,체력4세트,캐스터C,EX,3580.77,48198.38
릴리,캐스터,체력4세트,캐스터B,EX,3577.69,47782.45
릴리,캐스터,체력4세트,캐스터C,FX,3561.31,48804.95
뮤리엘,캐스터,통찰4세트,캐스터B,AX,5251.03,45334.16
뮤리엘,캐스터,통찰4세트,캐스터A,AX,5250.59,41874.51
뮤리엘,캐스터,통찰4세트,캐스터C,AX,5232.8,45188.76
뮤리엘,캐스터,공격4세트,캐스터B,AX,4823.99,42382.77
뮤리엘,캐스터,공격4세트,캐스터A,AX,4758.37,37948.93
뮤리엘,캐스터,공격4세트,캐스터C,AX,4700.23,41395.74
뮤리엘,캐스터,속도4세트,캐스터B,AX,4689.89,37458.73
뮤리엘,캐스터,속도4세트,캐스터A,AX,4646.58,33688.51
뮤리엘,캐스터,파괴4세트,캐스터B,AX,4618.02,40285.81
뮤리엘,캐스터,통찰4세트,캐스터A,EX,4603.28,32080.97
뮤리엘,캐스터,파괴4세트,캐스터A,AX,4592.62,36627.08
뮤리엘,캐스터,통찰4세트,캐스터B,EX,4591.49,34422.39
뮤리엘,캐스터,통찰4세트,캐스터C,EX,4582.74,34491.96
뮤리엘,캐스터,통찰4세트,캐스터A,FX,4581.73,34817.26
뮤리엘,캐스터,속도4세트,캐스터C,AX,4569.57,36586.38
뮤리엘,캐스터,통찰4세트,캐스터B,FX,4561.69,37049.34
뮤리엘,캐스터,통찰4세트,캐스터C,FX,4513.89,36810.01
뮤리엘,캐스터,파괴4세트,캐스터C,AX,4447.87,38928.81
뮤리엘,캐스터,체력4세트,캐스터B,AX,4263.54,37458.73
뮤리엘,캐스터,공격4세트,캐스터B,EX,4227.84,32761.63
뮤리엘,캐스터,체력4세트,캐스터A,AX,4224.16,33688.51
뮤리엘,캐스터,공격4세트,캐스터A,EX,4184.92,29682.18
뮤리엘,캐스터,체력4세트,캐스터C,AX,4154.15,36586.38
뮤리엘,캐스터,공격4세트,캐스터C,EX,4139.37,32246.68
뮤리엘,캐스터,공격4세트,캐스터B,FX,4113.56,34583.29
뮤리엘,캐스터,속도4세트,캐스터B,EX,4102.32,28769.87
뮤리엘,캐스터,파괴4세트,캐스터B,EX,4085.18,31378.72
뮤리엘,캐스터,속도4세트,캐스터A,EX,4079.99,26193.16
뮤리엘,캐스터,파괴4세트,캐스터A,EX,4079.69,28910.61
뮤리엘,캐스터,공격4세트,캐스터A,FX,4071.45,31570.44
뮤리엘,캐스터,속도4세트,캐스터C,EX,4014.41,28317.67
뮤리엘,캐스터,속도4세트,캐스터B,FX,3973.58,30369.58
뮤리엘,캐스터,공격4세트,캐스터C,FX,3970.36,33459.29
뮤리엘,캐스터,파괴4세트,캐스터C,EX,3957.83,30578.68
뮤리엘,캐스터,속도4세트,캐스터A,FX,3952.16,27859.46
뮤리엘,캐스터,파괴4세트,캐스터B,FX,3889.08,32398.69
뮤리엘,캐스터,파괴4세트,캐스터A,FX,3881.12,29973.03
뮤리엘,캐스터,속도4세트,캐스터C,FX,3835.26,29382.53
뮤리엘,캐스터,체력4세트,캐스터B,EX,3729.38,28769.87
뮤리엘,캐스터,파괴4세트,캐스터C,FX,3715.9,31063.79
뮤리엘,캐스터,체력4세트,캐스터A,EX,3709.08,26193.16
뮤리엘,캐스터,체력4세트,캐스터C,EX,3649.47,28317.67
뮤리엘,캐스터,체력4세트,캐스터B,FX,3612.35,30369.58
뮤리엘,캐스터,체력4세트,캐스터A,FX,3592.87,27859.46
뮤리엘,캐스터,체력4세트,캐스터C,FX,3486.6,29382.53
벨리스,레인저,통찰4세트,레인저C,AX,5450.89,43413.77
벨리스,레인저,통찰4세트,레인저A,AX,5445.79,42945.61
벨리스,레인저,통찰4세트,레인저D,AX,5366.76,42756.56
벨리스,레인저,통찰4세트,레인저B,AX,5330.1,40033.2
벨리스,레인저,공격4세트,레인저C,AX,5315.12,42618.93
벨리스,레인저,공격4세트,레인저B,AX,5294.83,39570.2
벨리스,레인저,파괴4세트,레인저C,AX,5248.64,42140.81
벨리스,레인저,파괴4세트,레인저B,AX,5208.62,39272.01
벨리스,레인저,공격4세트,레인저A,AX,5174.94,41049.85
벨리스,레인저,속도4세트,레인저C,AX,5157.07,38034.65
벨리스,레인저,속도4세트,레인저B,AX,5137.38,35313.86
벨리스,레인저,공격4세트,레인저D,AX,5130.73,41234.65
벨리스,레인저,파괴4세트,레인저A,AX,5123.54,40740.5
벨리스,레인저,속도4세트,레인저A,AX,5021.06,36634.34
벨리스,레인저,통찰4세트,레인저A,FX,4988.6,34578.6
벨리스,레인저,통찰4세트,레인저C,FX,4988.57,34905.52
벨리스,레인저,파괴4세트,레인저D,AX,4965.67,39977.35
벨리스,레인저,속도4세트,레인저D,AX,4958.16,36651.36
벨리스,레인저,통찰4세트,레인저D,FX,4831.88,33723.49
벨리스,레인저,통찰4세트,레인저A,EX,4777.58,31606.07
벨리스,레인저,통찰4세트,레인저B,FX,4768.29,31382.32
벨리스,레인저,체력4세트,레인저C,AX,4743.4,38034.65
벨리스,레인저,통찰4세트,레인저C,EX,4743.14,31706.3
벨리스,레인저,체력4세트,레인저B,AX,4725.29,35313.86
벨리스,레인저,통찰4세트,레인저D,EX,4687.49,31317.63
벨리스,레인저,공격4세트,레인저C,FX,4645.18,32343.95
벨리스,레인저,체력4세트,레인저A,AX,4618.3,36634.34
벨리스,레인저,파괴4세트,레인저C,EX,4600.75,31177.48
벨리스,레인저,공격4세트,레인저C,EX,4587.66,31054.29
벨리스,레인저,공격4세트,레인저B,FX,4576.69,29701.08
벨리스,레인저,통찰4세트,레인저B,EX,4575.95,28286.0
벨리스,레인저,체력4세트,레인저D,AX,4560.45,36651.36
벨리스,레인저,공격4세트,레인저A,FX,4538.33,31255.93
벨리스,레인저,파괴4세트,레인저A,EX,4536.49,30417.86
벨리스,레인저,파괴4세트,레인저C,FX,4520.48,31540.29
벨리스,레인저,공격4세트,레인저A,EX,4515.26,30198.48
벨리스,레인저,공격4세트,레인저B,EX,4500.81,28253.24
벨리스,레인저,파괴4세트,레인저B,EX,4489.41,28458.5
벨리스,레인저,속도4세트,레인저C,FX,4482.63,28708.47
벨리스,레인저,속도4세트,레인저C,EX,4444.11,27563.77
벨리스,레인저,파괴4세트,레인저B,FX,4438.83,29053.61
벨리스,레인저,공격4세트,레인저D,EX,4436.36,30158.73
벨리스,레인저,파괴4세트,레인저A,FX,4425.63,30574.57
벨리스,레인저,속도4세트,레인저B,FX,4416.54,26362.66
벨리스,레인저,공격4세트,레인저D,FX,4408.23,30736.12
벨리스,레인저,속도4세트,레인저A,FX,4379.52,27742.75
벨리스,레인저,속도4세트,레인저A,EX,4374.24,26804.15
벨리스,레인저,파괴4세트,레인저D,EX,4360.85,29673.06
벨리스,레인저,속도4세트,레인저B,EX,4360.29,25077.56
벨리스,레인저,속도4세트,레인저D,EX,4277.5,26650.58
벨리스,레인저,속도4세트,레인저D,FX,4235.17,27160.81
벨리스,레인저,파괴4세트,레인저D,FX,4212.51,29444.24
벨리스,레인저,체력4세트,레인저C,FX,4123.06,28708.47
벨리스,레인저,체력4세트,레인저C,EX,4087.63,27563.77
벨리스,레인저,체력4세트,레인저B,FX,4062.27,26362.66
벨리스,레인저,체력4세트,레인저A,FX,4028.22,27742.75
벨리스,레인저,체력4세트,레인저A,EX,4023.36,26804.15
벨리스,레인저,체력4세트,레인저B,EX,4010.54,25077.56
벨리스,레인저,체력4세트,레인저D,EX,3934.39,26650.58
벨리스,레인저,체력4세트,레인저D,FX,3895.45,27160.81
샤를,스트라이커,파괴4세트,스트라이커B,AX,6164.29,69811.5
샤를,스트라이커,통찰4세트,스트라이커B,AX,6157.37,69733.03
샤를,스트라이커,공격4세트,스트라이커B,AX,6153.35,69687.53
샤를,스트라이커,속도4세트,스트라이커B,AX,6036.4,62435.66
샤를,스트라이커,통찰4세트,스트라이커C,AX,6003.46,71616.22
샤를,스트라이커,공격4세트,스트라이커C,AX,5885.84,70213.01
샤를,스트라이커,통찰4세트,스트라이커D,AX,5863.79,69949.97
샤를,스트라이커,파괴4세트,스트라이커A,AX,5852.18,69811.5
샤를,스트라이커,통찰4세트,스트라이커A,AX,5845.6,69733.03
샤를,스트라이커,공격4세트,스트라이커A,AX,5841.79,69687.53
샤를,스트라이커,파괴4세트,스트라이커C,AX,5812.71,69340.7
샤를,스트라이커,속도4세트,스트라이커C,AX,5800.67,62906.46
샤를,스트라이커,공격4세트,스트라이커D,AX,5797.04,69153.74
샤를,스트라이커,속도4세트,스트라이커A,AX,5757.26,62435.66
샤를,스트라이커,파괴4세트,스트라이커D,AX,5757.16,68678.02
샤를,스트라이커,속도4세트,스트라이커D,AX,5684.34,61644.86
샤를,스트라이커,통찰4세트,스트라이커B,FX,5673.49,70075.59
샤를,스트라이커,공격4세트,스트라이커B,FX,5563.5,69828.89
샤를,스트라이커,체력4세트,스트라이커B,AX,5513.01,62435.66
샤를,스트라이커,파괴4세트,스트라이커B,FX,5484.3,68509.11
샤를,스트라이커,통찰4세트,스트라이커C,FX,5479.21,71439.04
샤를,스트라이커,파괴4세트,스트라이커B,EX,5435.48,62670.63
샤를,스트라이커,속도4세트,스트라이커B,FX,5430.23,62246.71
샤를,스트라이커,통찰4세트,스트라이커B,EX,5414.28,61271.58
샤를,스트라이커,통찰4세트,스트라이커A,FX,5386.23,70075.59
샤를,스트라이커,공격4세트,스트라이커B,EX,5361.2,61784.51
샤를,스트라이커,통찰4세트,스트라이커D,FX,5356.78,69589.21
샤를,스트라이커,공격4세트,스트라이커A,FX,5281.8,69828.89
샤를,스트라이커,통찰4세트,스트라이커C,EX,5280.94,63270.22
샤를,스트라이커,체력4세트,스트라이커C,AX,5273.34,62906.46
샤를,스트라이커,공격4세트,스트라이커C,FX,5268.42,69658.23
샤를,스트라이커,속도4세트,스트라이커B,EX,5254.48,55075.8
샤를,스트라이커,체력4세트,스트라이커A,AX,5233.87,62435.66
샤를,스트라이커,공격4세트,스트라이커D,FX,5212.82,68812.05
샤를,스트라이커,파괴4세트,스트라이커A,FX,5206.62,68509.11
샤를,스트라이커,속도4세트,스트라이커A,FX,5179.12,62246.71
샤를,스트라이커,체력4세트,스트라이커D,AX,5167.58,61644.86
샤를,스트라이커,속도4세트,스트라이커C,FX,5166.0,62094.57
샤를,스트라이커,통찰4세트,스트라이커D,EX,5165.83,61594.4
샤를,스트라이커,파괴4세트,스트라이커A,EX,5160.26,62670.63
샤를,스트라이커,공격4세트,스트라이커C,EX,5142.87,62681.35
샤를,스트라이커,파괴4세트,스트라이커C,EX,5142.02,62670.63
샤를,스트라이커,통찰4세트,스트라이커A,EX,5140.14,61271.58
샤를,스트라이커,파괴4세트,스트라이커C,FX,5131.07,67557.52
샤를,스트라이커,파괴4세트,스트라이커D,FX,5095.15,66958.29
샤를,스트라이커,공격4세트,스트라이커A,EX,5089.75,61784.51
샤를,스트라이커,파괴4세트,스트라이커D,EX,5089.75,61784.53
샤를,스트라이커,속도4세트,스트라이커D,FX,5083.21,61001.02
샤를,스트라이커,공격4세트,스트라이커D,EX,5070.77,61545.99
샤를,스트라이커,속도4세트,스트라이커C,EX,5061.41,55875.26
샤를,스트라이커,속도4세트,스트라이커A,EX,5011.5,55075.8
샤를,스트라이커,속도4세트,스트라이커D,EX,4966.33,54559.75
샤를,스트라이커,체력4세트,스트라이커B,FX,4959.4,62246.71
샤를,스트라이커,체력4세트,스트라이커B,EX,4798.89,55075.8
샤를,스트라이커,체력4세트,스트라이커A,FX,4708.29,62246.71
샤를,스트라이커,체력4세트,스트라이커C,FX,4696.36,62094.57
샤를,스트라이커,체력4세트,스트라이커D,FX,4621.1,61001.02
샤를,스트라이커,체력4세트,스트라이커C,EX,4601.28,55875.26
샤를,스트라이커,체력4세트,스트라이커A,EX,4555.91,55075.8
샤를,스트라이커,체력4세트,스트라이커D,EX,4514.85,54559.75
샤를(바니걸),어쌔신,공격4세트,어쌔신,AX,11376.61,66874.52
샤를(바니걸),어쌔신,파괴4세트,어쌔신,AX,11332.35,66981.44
샤를(바니걸),어쌔신,통찰4세트,어쌔신,AX,11320.21,66906.16
샤를(바니걸),어쌔신,통찰4세트,어쌔신,FX,11155.76,71126.51
샤를(바니걸),어쌔신,공격4세트,어쌔신,FX,11045.59,70890.06
샤를(바니걸),어쌔신,속도4세트,어쌔신,AX,11040.14,59904.61
샤를(바니걸),어쌔신,파괴4세트,어쌔신,FX,10815.07,69536.53
샤를(바니걸),어쌔신,속도4세트,어쌔신,FX,10664.65,63180.22
샤를(바니걸),어쌔신,파괴4세트,어쌔신,EX,10529.22,63610.49
샤를(바니걸),어쌔신,공격4세트,어쌔신,EX,10447.04,62723.43
샤를(바니걸),어쌔신,통찰4세트,어쌔신,EX,10390.14,62190.47
샤를(바니걸),어쌔신,체력4세트,어쌔신,AX,10190.89,59904.61
샤를(바니걸),어쌔신,속도4세트,어쌔신,EX,10131.22,55901.77
샤를(바니걸),어쌔신,체력4세트,어쌔신,FX,9844.29,63180.22
샤를(바니걸),어쌔신,체력4세트,어쌔신,EX,9351.9,55901.77
샤를(바니걸)(실전최적화),어쌔신,파괴4세트,어쌔신,AX,14703.88,82513.37
샤를(바니걸)(실전최적화),어쌔신,통찰4세트,어쌔신,AX,14687.36,82420.63
샤를(바니걸)(실전최적화),어쌔신,공격4세트,어쌔신,AX,14680.41,82381.66
샤를(바니걸)(실전최적화),어쌔신,속도4세트,어쌔신,AX,14246.23,73795.54
샤를(바니걸)(실전최적화),어쌔신,체력4세트,어쌔신,AX,13150.36,73795.54
샤를(바니걸)(실전최적화),어쌔신,통찰4세트,어쌔신,FX,12871.52,70703.03
샤를(바니걸)(실전최적화),어쌔신,공격4세트,어쌔신,FX,12576.41,68974.34
샤를(바니걸)(실전최적화),어쌔신,파괴4세트,어쌔신,FX,12380.04,67829.16
샤를(바니걸)(실전최적화),어쌔신,파괴4세트,어쌔신,EX,12377.16,63610.49
샤를(바니걸)(실전최적화),어쌔신,통찰4세트,어쌔신,EX,12250.3,62190.47
샤를(바니걸)(실전최적화),어쌔신,공격4세트,어쌔신,EX,12213.68,62723.43
샤를(바니걸)(실전최적화),어쌔신,속도4세트,어쌔신,FX,12142.68,61472.84
샤를(바니걸)(실전최적화),어쌔신,속도4세트,어쌔신,EX,11869.54,55901.77
샤를(바니걸)(실전최적화),어쌔신,체력4세트,어쌔신,FX,11208.62,61472.84
샤를(바니걸)(실전최적화),어쌔신,체력4세트,어쌔신,EX,10956.5,55901.77
샤를(바니걸)(패시브1lv),어쌔신,공격4세트,어쌔신,AX,10263.87,61647.09
샤를(바니걸)(패시브1lv),어쌔신,파괴4세트,어쌔신,AX,10123.07,61136.47
샤를(바니걸)(패시브1lv),어쌔신,통찰4세트,어쌔신,AX,10112.23,61067.75
샤를(바니걸)(패시브1lv),어쌔신,공격4세트,어쌔신,FX,9928.47,65107.68
샤를(바니걸)(패시브1lv),어쌔신,통찰4세트,어쌔신,FX,9918.82,64616.87
샤를(바니걸)(패시브1lv),어쌔신,속도4세트,어쌔신,AX,9862.04,54677.18
샤를(바니걸)(패시브1lv),어쌔신,파괴4세트,어쌔신,FX,9615.91,63172.41
샤를(바니걸)(패시브1lv),어쌔신,속도4세트,어쌔신,FX,9482.17,57397.83
샤를(바니걸)(패시브1lv),어쌔신,공격4세트,어쌔신,EX,9420.59,57607.18
샤를(바니걸)(패시브1lv),어쌔신,파괴4세트,어쌔신,EX,9395.56,57788.73
샤를(바니걸)(패시브1lv),어쌔신,통찰4세트,어쌔신,EX,9278.87,56498.67
샤를(바니걸)(패시브1lv),어쌔신,체력4세트,어쌔신,AX,9103.42,54677.18
샤를(바니걸)(패시브1lv),어쌔신,속도4세트,어쌔신,EX,9044.51,50785.52
샤를(바니걸)(패시브1lv),어쌔신,체력4세트,어쌔신,FX,8752.77,57397.83
샤를(바니걸)(패시브1lv),어쌔신,체력4세트,어쌔신,EX,8348.78,50785.52
스마일,레인저,통찰4세트,레인저C,AX,5135.64,54386.87
스마일,레인저,공격4세트,레인저C,AX,5074.33,54026.26
스마일,레인저,통찰4세트,레인저D,AX,5029.55,53530.7
스마일,레인저,통찰4세트,레인저A,AX,4956.65,49588.2
스마일,레인저,속도4세트,레인저C,AX,4947.89,48164.67
스마일,레인저,파괴4세트,레인저C,AX,4909.64,52470.5
스마일,레인저,공격4세트,레인저D,AX,4879.15,51919.37
스마일,레인저,공격4세트,레인저B,AX,4878.18,44588.53
스마일,레인저,통찰4세트,레인저B,AX,4864.93,44546.36
스마일,레인저,공격4세트,레인저A,AX,4766.72,47735.06
스마일,레인저,속도4세트,레인저B,AX,4756.64,39750.89
스마일,레인저,속도4세트,레인저D,AX,4738.1,46096.86
스마일,레인저,파괴4세트,레인저B,AX,4718.68,43772.9
스마일,레인저,통찰4세트,레인저C,FX,4669.86,45629.51
스마일,레인저,속도4세트,레인저A,AX,4647.95,42556.04
스마일,레인저,파괴4세트,레인저A,AX,4635.41,46861.87
스마일,레인저,파괴4세트,레인저D,AX,4634.47,49564.76
스마일,레인저,통찰4세트,레인저A,FX,4532.32,42058.59
스마일,레인저,체력4세트,레인저C,AX,4523.79,48164.67
스마일,레인저,통찰4세트,레인저D,FX,4505.6,44244.55
스마일,레인저,공격4세트,레인저C,FX,4409.66,43105.87
스마일,레인저,통찰4세트,레인저C,EX,4370.13,41561.3
스마일,레인저,통찰4세트,레인저B,FX,4362.99,36591.78
스마일,레인저,체력4세트,레인저B,AX,4348.92,39750.89
스마일,레인저,체력4세트,레인저D,AX,4331.98,46096.86
스마일,레인저,공격4세트,레인저C,EX,4327.11,42196.29
스마일,레인저,통찰4세트,레인저D,EX,4303.04,41149.84
스마일,레인저,속도4세트,레인저C,FX,4276.05,38216.92
스마일,레인저,통찰4세트,레인저A,EX,4261.12,38244.94
스마일,레인저,체력4세트,레인저A,AX,4249.56,42556.04
스마일,레인저,파괴4세트,레인저C,EX,4248.87,41495.43
스마일,레인저,공격4세트,레인저B,FX,4222.62,35174.02
스마일,레인저,파괴4세트,레인저C,FX,4217.05,41385.58
스마일,레인저,속도4세트,레인저C,EX,4202.68,37410.5
스마일,레인저,공격4세트,레인저D,FX,4173.41,40739.48
스마일,레인저,공격4세트,레인저D,EX,4172.85,40622.15
스마일,레인저,공격4세트,레인저A,FX,4169.94,38450.48
스마일,레인저,공격4세트,레인저B,EX,4115.13,33612.64
스마일,레인저,공격4세트,레인저A,EX,4114.08,37701.62
스마일,레인저,통찰4세트,레인저B,EX,4103.65,33256.47
스마일,레인저,속도4세트,레인저B,FX,4094.68,31184.68
스마일,레인저,파괴4세트,레인저A,EX,4060.0,37510.54
스마일,레인저,속도4세트,레인저A,FX,4043.59,34089.53
스마일,레인저,파괴4세트,레인저B,FX,4035.91,34083.33
스마일,레인저,파괴4세트,레인저B,EX,4034.94,33442.28
스마일,레인저,속도4세트,레인저D,EX,4034.09,35852.61
스마일,레인저,속도4세트,레인저D,FX,4028.72,35956.17
스마일,레인저,파괴4세트,레인저D,EX,4021.75,39247.22
스마일,레인저,파괴4세트,레인저A,FX,4004.51,37258.19
스마일,레인저,속도4세트,레인저B,EX,3997.12,29800.39
스마일,레인저,속도4세트,레인저A,EX,3996.1,33425.6
스마일,레인저,파괴4세트,레인저D,FX,3923.35,38494.11
스마일,레인저,체력4세트,레인저C,FX,3909.53,38216.92
스마일,레인저,체력4세트,레인저C,EX,3842.45,37410.5
스마일,레인저,체력4세트,레인저B,FX,3743.71,31184.68
스마일,레인저,체력4세트,레인저A,FX,3696.99,34089.53
스마일,레인저,체력4세트,레인저D,EX,3688.31,35852.61
스마일,레인저,체력4세트,레인저D,FX,3683.4,35956.17
스마일,레인저,체력4세트,레인저B,EX,3654.51,29800.39
스마일,레인저,체력4세트,레인저A,EX,3653.58,33425.6
스칼렛(바니걸),레인저,파괴4세트,레인저A,AX,5205.74,40237.1
스칼렛(바니걸),레인저,파괴4세트,레인저C,AX,5175.34,40450.2
스칼렛(바니걸),레인저,공격4세트,레인저A,AX,5111.39,39239.71
스칼렛(바니걸),레인저,공격4세트,레인저C,AX,5076.92,39481.34
스칼렛(바니걸),레인저,통찰4세트,레인저A,AX,5048.71,38643.28
스칼렛(바니걸),레인저,파괴4세트,레인저B,AX,5032.77,41153.26
스칼렛(바니걸),레인저,공격4세트,레인저D,AX,5000.48,38954.42
스칼렛(바니걸),레인저,파괴4세트,레인저D,AX,4994.33,39126.34
스칼렛(바니걸),레인저,공격4세트,레인저B,AX,4963.2,40823.65
스칼렛(바니걸),레인저,통찰4세트,레인저D,AX,4934.2,38537.07
스칼렛(바니걸),레인저,속도4세트,레인저A,AX,4930.3,34605.28
스칼렛(바니걸),레인저,통찰4세트,레인저C,AX,4925.82,38252.94
스칼렛(바니걸),레인저,속도4세트,레인저C,AX,4897.05,34818.38
스칼렛(바니걸),레인저,통찰4세트,레인저B,AX,4818.37,38807.41
스칼렛(바니걸),레인저,속도4세트,레인저D,AX,4799.59,34184.68
스칼렛(바니걸),레인저,속도4세트,레인저B,AX,4787.36,36002.14
스칼렛(바니걸),레인저,통찰4세트,레인저A,FX,4727.03,33847.74
스칼렛(바니걸),레인저,파괴4세트,레인저A,EX,4696.03,32059.13
스칼렛(바니걸),레인저,공격4세트,레인저A,FX,4676.25,33106.57
스칼렛(바니걸),레인저,파괴4세트,레인저A,FX,4654.2,33236.16
스칼렛(바니걸),레인저,공격4세트,레인저C,FX,4647.48,33102.64
스칼렛(바니걸),레인저,파괴4세트,레인저C,EX,4644.58,31324.46
스칼렛(바니걸),레인저,파괴4세트,레인저C,FX,4629.0,33108.2
스칼렛(바니걸),레인저,통찰4세트,레인저C,FX,4626.59,33139.14
스칼렛(바니걸),레인저,공격4세트,레인저A,EX,4581.44,31048.8
스칼렛(바니걸),레인저,통찰4세트,레인저D,FX,4562.24,32900.04
스칼렛(바니걸),레인저,통찰4세트,레인저A,EX,4524.0,29455.09
스칼렛(바니걸),레인저,공격4세트,레인저C,EX,4522.71,30210.18
스칼렛(바니걸),레인저,공격4세트,레인저D,FX,4512.59,32122.23
스칼렛(바니걸),레인저,체력4세트,레인저A,AX,4507.71,34605.28
스칼렛(바니걸),레인저,속도4세트,레인저A,FX,4480.63,29002.62
스칼렛(바니걸),레인저,파괴4세트,레인저D,EX,4479.5,30341.12
스칼렛(바니걸),레인저,체력4세트,레인저C,AX,4477.3,34818.38
스칼렛(바니걸),레인저,파괴4세트,레인저B,EX,4473.71,32765.06
스칼렛(바니걸),레인저,공격4세트,레인저B,FX,4472.24,34535.81
스칼렛(바니걸),레인저,속도4세트,레인저C,FX,4453.06,28999.17
스칼렛(바니걸),레인저,공격4세트,레인저D,EX,4451.3,29898.56
스칼렛(바니걸),레인저,파괴4세트,레인저B,FX,4435.48,34186.28
스칼렛(바니걸),레인저,통찰4세트,레인저D,EX,4433.15,28854.97
스칼렛(바니걸),레인저,통찰4세트,레인저B,FX,4430.42,33737.34
스칼렛(바니걸),레인저,속도4세트,레인저A,EX,4427.51,27199.93
스칼렛(바니걸),레인저,파괴4세트,레인저D,FX,4413.95,31577.89
스칼렛(바니걸),레인저,통찰4세트,레인저C,EX,4409.36,28413.74
스칼렛(바니걸),레인저,체력4세트,레인저D,AX,4388.2,34184.68
스칼렛(바니걸),레인저,공격4세트,레인저B,EX,4384.61,32307.01
스칼렛(바니걸),레인저,체력4세트,레인저B,AX,4377.01,36002.14
스칼렛(바니걸),레인저,속도4세트,레인저C,EX,4371.23,26465.27
스칼렛(바니걸),레인저,속도4세트,레인저D,FX,4300.18,27986.49
스칼렛(바니걸),레인저,속도4세트,레인저B,FX,4285.16,30254.69
스칼렛(바니걸),레인저,속도4세트,레인저D,EX,4277.67,26049.12
스칼렛(바니걸),레인저,통찰4세트,레인저B,EX,4271.24,29619.79
스칼렛(바니걸),레인저,속도4세트,레인저B,EX,4238.92,28302.17
스칼렛(바니걸),레인저,체력4세트,레인저A,FX,4096.57,29002.62
스칼렛(바니걸),레인저,체력4세트,레인저C,FX,4071.37,28999.17
스칼렛(바니걸),레인저,체력4세트,레인저A,EX,4048.01,27199.93
스칼렛(바니걸),레인저,체력4세트,레인저C,EX,3996.56,26465.27
스칼렛(바니걸),레인저,체력4세트,레인저D,FX,3931.6,27986.49
스칼렛(바니걸),레인저,체력4세트,레인저B,FX,3917.86,30254.69
스칼렛(바니걸),레인저,체력4세트,레인저D,EX,3911.02,26049.12
스칼렛(바니걸),레인저,체력4세트,레인저B,EX,3875.58,28302.17
아세라,스트라이커,통찰4세트,스트라이커C,AX,6632.18,42047.29
아세라,스트라이커,통찰4세트,스트라이커B,AX,6564.6,40791.51
아세라,스트라이커,통찰4세트,스트라이커D,AX,6550.3,41219.63
아세라,스트라이커,통찰4세트,스트라이커A,AX,6482.1,40791.51
아세라,스트라이커,파괴4세트,스트라이커B,AX,6450.57,41218.64
아세라,스트라이커,파괴4세트,스트라이커A,AX,6373.5,41218.64
아세라,스트라이커,공격4세트,스트라이커B,AX,6353.47,39804.89
아세라,스트라이커,공격4세트,스트라이커C,AX,6336.22,40348.33
아세라,스트라이커,파괴4세트,스트라이커D,AX,6327.98,40893.78
아세라,스트라이커,공격4세트,스트라이커D,AX,6326.17,39931.1
아세라,스트라이커,파괴4세트,스트라이커C,AX,6316.01,41193.02
아세라,스트라이커,공격4세트,스트라이커A,AX,6307.72,39804.89
아세라,스트라이커,통찰4세트,스트라이커B,FX,6239.45,35337.98
아세라,스트라이커,통찰4세트,스트라이커C,FX,6228.65,40082.6
아세라,스트라이커,속도4세트,스트라이커C,AX,6209.62,36152.81
아세라,스트라이커,속도4세트,스트라이커B,AX,6201.1,35665.87
아세라,스트라이커,속도4세트,스트라이커A,AX,6181.69,35665.87
아세라,스트라이커,속도4세트,스트라이커D,AX,6168.54,35598.77
아세라,스트라이커,통찰4세트,스트라이커D,FX,6156.03,39789.7
아세라,스트라이커,통찰4세트,스트라이커A,FX,6147.48,39255.72
아세라,스트라이커,통찰4세트,스트라이커C,EX,5958.81,36212.45
아세라,스트라이커,공격4세트,스트라이커B,FX,5930.75,34826.57
아세라,스트라이커,파괴4세트,스트라이커B,FX,5915.99,35122.51
아세라,스트라이커,공격4세트,스트라이커A,FX,5878.45,39221.1
아세라,스트라이커,공격4세트,스트라이커D,FX,5860.1,39671.33
아세라,스트라이커,공격4세트,스트라이커C,FX,5851.05,39458.18
아세라,스트라이커,파괴4세트,스트라이커A,FX,5839.42,39040.24
아세라,스트라이커,파괴4세트,스트라이커B,EX,5831.46,32660.88
아세라,스트라이커,통찰4세트,스트라이커B,EX,5822.68,31067.67
아세라,스트라이커,통찰4세트,스트라이커D,EX,5811.95,35332.2
아세라,스트라이커,파괴4세트,스트라이커D,FX,5765.07,39048.02
아세라,스트라이커,속도4세트,스트라이커B,FX,5759.37,31048.06
아세라,스트라이커,파괴4세트,스트라이커A,EX,5758.92,36043.2
아세라,스트라이커,통찰4세트,스트라이커A,EX,5750.56,34476.1
아세라,스트라이커,파괴4세트,스트라이커C,FX,5746.4,38875.5
아세라,스트라이커,속도4세트,스트라이커A,FX,5731.97,34965.8
아세라,스트라이커,파괴4세트,스트라이커C,EX,5729.48,36212.45
아세라,스트라이커,파괴4세트,스트라이커D,EX,5727.33,36375.77
아세라,스트라이커,속도4세트,스트라이커C,FX,5705.27,35177.15
아세라,스트라이커,체력4세트,스트라이커B,AX,5692.82,35665.87
아세라,스트라이커,공격4세트,스트라이커C,EX,5690.4,35767.91
아세라,스트라이커,공격4세트,스트라이커B,EX,5685.0,31274.36
아세라,스트라이커,속도4세트,스트라이커D,FX,5682.54,35171.91
아세라,스트라이커,공격4세트,스트라이커D,EX,5678.55,35984.61
아세라,스트라이커,체력4세트,스트라이커C,AX,5677.37,36152.81
아세라,스트라이커,체력4세트,스트라이커A,AX,5651.83,35665.87
아세라,스트라이커,공격4세트,스트라이커A,EX,5644.4,35156.19
아세라,스트라이커,체력4세트,스트라이커D,AX,5639.81,35598.77
아세라,스트라이커,속도4세트,스트라이커C,EX,5561.71,31887.26
아세라,스트라이커,속도4세트,스트라이커B,EX,5536.53,27881.24
아세라,스트라이커,속도4세트,스트라이커D,EX,5522.29,31903.33
아세라,스트라이커,속도4세트,스트라이커A,EX,5518.88,31341.91
아세라,스트라이커,체력4세트,스트라이커B,FX,5287.29,31048.06
아세라,스트라이커,체력4세트,스트라이커A,FX,5240.66,34965.8
아세라,스트라이커,체력4세트,스트라이커C,FX,5216.24,35177.15
아세라,스트라이커,체력4세트,스트라이커D,FX,5195.46,35171.91
아세라,스트라이커,체력4세트,스트라이커C,EX,5084.99,31887.26
아세라,스트라이커,체력4세트,스트라이커B,EX,5082.72,27881.24
아세라,스트라이커,체력4세트,스트라이커D,EX,5048.95,31903.33
아세라,스트라이커,체력4세트,스트라이커A,EX,5045.83,31341.91
에핀델,어쌔신,파괴4세트,어쌔신,AX,6207.73,49444.97
에핀델,어쌔신,공격4세트,어쌔신,AX,6166.82,48949.36
에핀델,어쌔신,통찰4세트,어쌔신,AX,6106.89,48613.43
에핀델,어쌔신,속도4세트,어쌔신,AX,5985.51,43855.56
에핀델,어쌔신,통찰4세트,어쌔신,FX,5698.17,41237.31
에핀델,어쌔신,공격4세트,어쌔신,FX,5572.77,40299.59
에핀델,어쌔신,파괴4세트,어쌔신,EX,5546.34,38257.56
에핀델,어쌔신,체력4세트,어쌔신,AX,5525.09,43855.56
에핀델,어쌔신,파괴4세트,어쌔신,FX,5518.15,39591.15
에핀델,어쌔신,통찰4세트,어쌔신,EX,5485.84,36882.28
에핀델,어쌔신,공격4세트,어쌔신,EX,5432.05,37868.52
에핀델,어쌔신,속도4세트,어쌔신,FX,5381.64,35923.76
에핀델,어쌔신,속도4세트,어쌔신,EX,5276.64,33756.67
에핀델,어쌔신,체력4세트,어쌔신,FX,4967.67,35923.76
에핀델,어쌔신,체력4세트,어쌔신,EX,4870.75,33756.67
유미나,레인저,통찰4세트,레인저A,AX,7338.61,54169.13
유미나,레인저,통찰4세트,레인저A,FX,7183.34,58847.83
유미나,레인저,파괴4세트,레인저A,AX,7153.12,58498.14
유미나,레인저,통찰4세트,레인저C,AX,7121.57,52026.85
유미나,레인저,통찰4세트,레인저D,AX,7116.25,53659.66
유미나,레인저,통찰4세트,레인저B,AX,7105.41,56460.01
유미나,레인저,파괴4세트,레인저B,AX,7089.37,61938.31
유미나,레인저,파괴4세트,레인저C,AX,7085.46,57129.41
유미나,레인저,통찰4세트,레인저C,FX,6996.56,56904.38
유미나,레인저,공격4세트,레인저A,AX,6953.8,54954.86
유미나,레인저,공격4세트,레인저B,AX,6930.61,59462.85
유미나,레인저,통찰4세트,레인저D,FX,6890.66,57897.16
유미나,레인저,공격4세트,레인저C,AX,6877.88,53419.07
유미나,레인저,통찰4세트,레인저B,FX,6864.31,59807.95
유미나,레인저,속도4세트,레인저A,AX,6778.33,48976.57
유미나,레인저,파괴4세트,레인저D,AX,6756.73,55555.2
유미나,레인저,통찰4세트,레인저A,EX,6756.68,49141.66
유미나,레인저,파괴4세트,레인저A,EX,6755.9,56580.1
유미나,레인저,속도4세트,레인저B,AX,6755.72,52994.15
유미나,레인저,속도4세트,레인저C,AX,6704.32,47607.84
유미나,레인저,공격4세트,레인저D,AX,6696.55,53116.11
유미나,레인저,파괴4세트,레인저A,FX,6682.09,61469.74
유미나,레인저,파괴4세트,레인저C,EX,6650.15,54993.23
유미나,레인저,공격4세트,레인저A,FX,6637.76,59625.29
유미나,레인저,파괴4세트,레인저C,FX,6619.49,60229.77
유미나,레인저,파괴4세트,레인저B,EX,6587.32,58505.58
유미나,레인저,파괴4세트,레인저B,FX,6571.0,63865.86
유미나,레인저,공격4세트,레인저C,FX,6567.14,58226.19
유미나,레인저,통찰4세트,레인저D,EX,6561.16,48584.49
유미나,레인저,공격4세트,레인저B,FX,6558.67,62948.6
유미나,레인저,통찰4세트,레인저C,EX,6538.32,47198.2
유미나,레인저,공격4세트,레인저A,EX,6501.82,52727.51
유미나,레인저,속도4세트,레인저D,AX,6500.69,47142.91
유미나,레인저,통찰4세트,레인저B,EX,6482.45,50984.16
유미나,레인저,속도4세트,레인저A,FX,6434.33,52843.83
유미나,레인저,공격4세트,레인저C,EX,6382.5,50936.99
유미나,레인저,공격4세트,레인저B,EX,6379.47,55761.29
유미나,레인저,속도4세트,레인저C,FX,6365.88,51603.85
유미나,레인저,속도4세트,레인저B,FX,6357.66,55789.16
유미나,레인저,파괴4세트,레인저D,EX,6354.03,53628.01
유미나,레인저,속도4세트,레인저A,EX,6339.0,46730.56
유미나,레인저,공격4세트,레인저D,FX,6292.41,57010.26
유미나,레인저,파괴4세트,레인저D,FX,6230.18,57899.99
유미나,레인저,공격4세트,레인저D,EX,6226.4,50855.68
유미나,레인저,속도4세트,레인저C,EX,6223.33,45143.69
유미나,레인저,속도4세트,레인저B,EX,6220.39,49419.3
유미나,레인저,체력4세트,레인저A,AX,6197.33,48976.57
유미나,레인저,체력4세트,레인저B,AX,6176.66,52994.15
유미나,레인저,체력4세트,레인저C,AX,6129.67,47607.84
유미나,레인저,속도4세트,레인저D,FX,6071.91,50297.17
유미나,레인저,속도4세트,레인저D,EX,6042.31,44867.3
유미나,레인저,체력4세트,레인저D,AX,5943.49,47142.91
유미나,레인저,체력4세트,레인저A,FX,5882.82,52843.83
유미나,레인저,체력4세트,레인저C,FX,5820.23,51603.85
유미나,레인저,체력4세트,레인저B,FX,5812.72,55789.16
유미나,레인저,체력4세트,레인저A,EX,5795.66,46730.56
유미나,레인저,체력4세트,레인저C,EX,5689.91,45143.69
유미나,레인저,체력4세트,레인저B,EX,5687.22,49419.3
유미나,레인저,체력4세트,레인저D,FX,5551.46,50297.17
유미나,레인저,체력4세트,레인저D,EX,5524.4,44867.3
유미나(패시브1lv),레인저,파괴4세트,레인저A,AX,5443.33,47834.78
유미나(패시브1lv),레인저,파괴4세트,레인저B,AX,5436.77,51994.45
유미나(패시브1lv),레인저,파괴4세트,레인저C,AX,5405.44,46715.55
유미나(패시브1lv),레인저,공격4세트,레인저B,AX,5307.73,50463.63
유미나(패시브1lv),레인저,공격4세트,레인저A,AX,5287.33,45430.03
유미나(패시브1lv),레인저,공격4세트,레인저C,AX,5244.34,44160.42
유미나(패시브1lv),레인저,통찰4세트,레인저A,AX,5234.91,44089.92
유미나(패시브1lv),레인저,파괴4세트,레인저D,AX,5215.81,45427.98
유미나(패시브1lv),레인저,공격4세트,레인저D,AX,5172.03,43946.41
유미나(패시브1lv),레인저,통찰4세트,레인저B,AX,5155.64,47395.66
유미나(패시브1lv),레인저,통찰4세트,레인저D,AX,5127.75,43305.85
유미나(패시브1lv),레인저,속도4세트,레인저B,AX,5117.69,44486.23
유미나(패시브1lv),레인저,통찰4세트,레인저C,AX,5100.45,42346.25
유미나(패시브1lv),레인저,속도4세트,레인저A,AX,5098.02,40048.85
유미나(패시브1lv),레인저,속도4세트,레인저C,AX,5056.57,38929.63
유미나(패시브1lv),레인저,통찰4세트,레인저A,FX,4996.05,43490.73
유미나(패시브1lv),레인저,파괴4세트,레인저A,EX,4977.21,42957.92
유미나(패시브1lv),레인저,속도4세트,레인저D,AX,4962.16,38549.18
유미나(패시브1lv),레인저,파괴4세트,레인저A,FX,4958.82,44443.96
유미나(패시브1lv),레인저,공격4세트,레인저A,FX,4943.82,43230.41
유미나(패시브1lv),레인저,파괴4세트,레인저C,FX,4926.34,43496.81
유미나(패시브1lv),레인저,공격4세트,레인저B,FX,4919.47,47150.35
유미나(패시브1lv),레인저,파괴4세트,레인저C,EX,4915.49,41753.11
유미나(패시브1lv),레인저,파괴4세트,레인저B,FX,4914.27,47613.71
유미나(패시브1lv),레인저,파괴4세트,레인저B,EX,4911.66,45824.62
유미나(패시브1lv),레인저,공격4세트,레인저C,FX,4906.72,42148.77
유미나(패시브1lv),레인저,통찰4세트,레인저C,FX,4884.97,42011.09
유미나(패시브1lv),레인저,통찰4세트,레인저B,FX,4862.19,45617.04
유미나(패시브1lv),레인저,통찰4세트,레인저D,FX,4835.57,42127.02
유미나(패시브1lv),레인저,공격4세트,레인저A,EX,4804.83,40517.78
유미나(패시브1lv),레인저,공격4세트,레인저B,EX,4766.99,44204.15
유미나(패시브1lv),레인저,공격4세트,레인저D,FX,4761.63,41211.87
유미나(패시브1lv),레인저,파괴4세트,레인저D,EX,4742.09,40689.6
유미나(패시브1lv),레인저,속도4세트,레인저A,FX,4734.95,37855.1
유미나(패시브1lv),레인저,공격4세트,레인저C,EX,4734.36,39141.88
유미나(패시브1lv),레인저,통찰4세트,레인저A,EX,4721.62,37736.65
유미나(패시브1lv),레인저,속도4세트,레인저B,FX,4711.63,41287.62
유미나(패시브1lv),레인저,속도4세트,레인저C,FX,4699.42,36907.95
유미나(패시브1lv),레인저,파괴4세트,레인저D,FX,4691.28,41693.04
유미나(패시브1lv),레인저,체력4세트,레인저B,AX,4679.03,44486.23
유미나(패시브1lv),레인저,공격4세트,레인저D,EX,4666.9,39091.55
유미나(패시브1lv),레인저,체력4세트,레인저A,AX,4661.04,40048.85
유미나(패시브1lv),레인저,속도4세트,레인저A,EX,4642.86,35479.76
유미나(패시브1lv),레인저,통찰4세트,레인저D,EX,4628.48,36958.91
유미나(패시브1lv),레인저,체력4세트,레인저C,AX,4623.15,38929.63
유미나(패시브1lv),레인저,속도4세트,레인저B,EX,4606.62,38707.76
유미나(패시브1lv),레인저,통찰4세트,레인저B,EX,4605.71,39933.44
유미나(패시브1lv),레인저,통찰4세트,레인저C,EX,4594.42,36244.24
유미나(패시브1lv),레인저,속도4세트,레인저C,EX,4575.36,34274.94
유미나(패시브1lv),레인저,체력4세트,레인저D,AX,4536.83,38549.18
유미나(패시브1lv),레인저,속도4세트,레인저D,FX,4535.37,35888.99
유미나(패시브1lv),레인저,속도4세트,레인저D,EX,4484.45,34042.53
유미나(패시브1lv),레인저,체력4세트,레인저A,FX,4329.1,37855.1
유미나(패시브1lv),레인저,체력4세트,레인저B,FX,4307.78,41287.62
유미나(패시브1lv),레인저,체력4세트,레인저C,FX,4296.61,36907.95
유미나(패시브1lv),레인저,체력4세트,레인저A,EX,4244.9,35479.76
유미나(패시브1lv),레인저,체력4세트,레인저B,EX,4211.76,38707.76
유미나(패시브1lv),레인저,체력4세트,레인저C,EX,4183.18,34274.94
유미나(패시브1lv),레인저,체력4세트,레인저D,FX,4146.62,35888.99
유미나(패시브1lv),레인저,체력4세트,레인저D,EX,4100.07,34042.53
클레어(바니걸),스트라이커,파괴4세트,스트라이커C,AX,9409.07,101260.61
클레어(바니걸),스트라이커,파괴4세트,스트라이커D,AX,9373.78,101587.15
클레어(바니걸),스트라이커,파괴4세트,스트라이커A,AX,9290.95,100026.87
클레어(바니걸),스트라이커,파괴4세트,스트라이커B,AX,9138.07,89317.36
클레어(바니걸),스트라이커,공격4세트,스트라이커C,AX,9037.67,97915.67
클레어(바니걸),스트라이커,공격4세트,스트라이커D,AX,9003.7,98384.68
클레어(바니걸),스트라이커,속도4세트,스트라이커C,AX,8837.52,87723.78
클레어(바니걸),스트라이커,통찰4세트,스트라이커C,AX,8829.9,95100.5
클레어(바니걸),스트라이커,공격4세트,스트라이커A,AX,8792.48,95391.03
클레어(바니걸),스트라이커,속도4세트,스트라이커D,AX,8759.87,87699.08
클레어(바니걸),스트라이커,파괴4세트,스트라이커C,FX,8628.39,96029.96
클레어(바니걸),스트라이커,속도4세트,스트라이커A,AX,8597.77,85461.93
클레어(바니걸),스트라이커,파괴4세트,스트라이커D,FX,8590.97,96338.75
클레어(바니걸),스트라이커,파괴4세트,스트라이커A,FX,8585.99,95746.27
클레어(바니걸),스트라이커,공격4세트,스트라이커B,AX,8544.86,83437.27
클레어(바니걸),스트라이커,통찰4세트,스트라이커D,AX,8540.84,92723.29
클레어(바니걸),스트라이커,파괴4세트,스트라이커B,FX,8489.69,86653.55
클레어(바니걸),스트라이커,공격4세트,스트라이커C,FX,8475.5,94837.07
클레어(바니걸),스트라이커,공격4세트,스트라이커D,FX,8450.5,95408.33
클레어(바니걸),스트라이커,통찰4세트,스트라이커C,FX,8351.77,93473.09
클레어(바니걸),스트라이커,파괴4세트,스트라이커C,EX,8350.87,90410.66
클레어(바니걸),스트라이커,통찰4세트,스트라이커A,AX,8335.63,89959.93
클레어(바니걸),스트라이커,공격4세트,스트라이커A,FX,8334.94,93539.55
클레어(바니걸),스트라이커,속도4세트,스트라이커B,AX,8323.07,74752.42
클레어(바니걸),스트라이커,파괴4세트,스트라이커D,EX,8302.1,90266.77
클레어(바니걸),스트라이커,속도4세트,스트라이커C,FX,8245.97,84536.77
클레어(바니걸),스트라이커,파괴4세트,스트라이커A,EX,8228.61,88926.73
클레어(바니걸),스트라이커,속도4세트,스트라이커D,FX,8176.16,84575.36
클레어(바니걸),스트라이커,공격4세트,스트라이커B,FX,8163.62,83338.95
클레어(바니걸),스트라이커,통찰4세트,스트라이커B,AX,8136.15,79250.41
클레어(바니걸),스트라이커,파괴4세트,스트라이커B,EX,8114.87,79834.02
클레어(바니걸),스트라이커,속도4세트,스트라이커A,FX,8109.22,83380.18
클레어(바니걸),스트라이커,체력4세트,스트라이커C,AX,8096.95,87723.78
클레어(바니걸),스트라이커,통찰4세트,스트라이커D,FX,8052.06,90647.35
클레어(바니걸),스트라이커,체력4세트,스트라이커D,AX,8025.81,87699.08
클레어(바니걸),스트라이커,공격4세트,스트라이커C,EX,7981.95,86901.0
클레어(바니걸),스트라이커,통찰4세트,스트라이커A,FX,7953.24,89108.59
클레어(바니걸),스트라이커,공격4세트,스트라이커D,EX,7945.72,86997.41
클레어(바니걸),스트라이커,속도4세트,스트라이커B,FX,7911.58,74287.46
클레어(바니걸),스트라이커,체력4세트,스트라이커A,AX,7877.28,85461.93
클레어(바니걸),스트라이커,통찰4세트,스트라이커B,FX,7826.06,80015.87
클레어(바니걸),스트라이커,속도4세트,스트라이커C,EX,7792.27,77462.64
클레어(바니걸),스트라이커,공격4세트,스트라이커A,EX,7749.85,84257.0
클레어(바니걸),스트라이커,속도4세트,스트라이커D,EX,7717.42,77119.44
클레어(바니걸),스트라이커,체력4세트,스트라이커B,AX,7655.44,74752.42
클레어(바니걸),스트라이커,속도4세트,스트라이커A,EX,7568.35,75105.81
클레어(바니걸),스트라이커,체력4세트,스트라이커C,FX,7554.97,84536.77
클레어(바니걸),스트라이커,공격4세트,스트라이커B,EX,7549.99,74056.39
클레어(바니걸),스트라이커,통찰4세트,스트라이커C,EX,7514.34,80743.29
클레어(바니걸),스트라이커,체력4세트,스트라이커D,FX,7491.01,84575.36
클레어(바니걸),스트라이커,체력4세트,스트라이커A,FX,7429.68,83380.18
클레어(바니걸),스트라이커,속도4세트,스트라이커B,EX,7346.54,66013.1
클레어(바니걸),스트라이커,체력4세트,스트라이커B,FX,7276.96,74287.46
클레어(바니걸),스트라이커,통찰4세트,스트라이커D,EX,7256.49,78537.97
클레어(바니걸),스트라이커,체력4세트,스트라이커C,EX,7139.29,77462.64
클레어(바니걸),스트라이커,통찰4세트,스트라이커A,EX,7101.93,76378.79
클레어(바니걸),스트라이커,체력4세트,스트라이커D,EX,7070.71,77119.44
클레어(바니걸),스트라이커,체력4세트,스트라이커A,EX,6934.13,75105.81
클레어(바니걸),스트라이커,통찰4세트,스트라이커B,EX,6933.22,67286.08
클레어(바니걸),스트라이커,체력4세트,스트라이커B,EX,6757.25,66013.1
키라,어쌔신,통찰4세트,어쌔신,AX,6976.08,60522.69
키라,어쌔신,파괴4세트,어쌔신,AX,6934.25,60168.5
키라,어쌔신,공격4세트,어쌔신,AX,6918.87,60206.41
키라,어쌔신,속도4세트,어쌔신,AX,6714.67,53934.89
키라,어쌔신,통찰4세트,어쌔신,FX,6508.17,50818.01
키라,어쌔신,공격4세트,어쌔신,FX,6258.83,48583.87
키라,어쌔신,통찰4세트,어쌔신,EX,6247.51,45730.53
키라,어쌔신,파괴4세트,어쌔신,EX,6218.1,46505.27
키라,어쌔신,체력4세트,어쌔신,AX,6198.15,53934.89
키라,어쌔신,파괴4세트,어쌔신,FX,6176.53,47848.16
키라,어쌔신,공격4세트,어쌔신,EX,6124.15,45918.25
키라,어쌔신,속도4세트,어쌔신,FX,6043.39,43303.0
키라,어쌔신,속도4세트,어쌔신,EX,5941.2,40927.12
키라,어쌔신,체력4세트,어쌔신,FX,5578.52,43303.0
키라,어쌔신,체력4세트,어쌔신,EX,5484.18,40927.12
프레이,캐스터,통찰4세트,캐스터A,AX,8176.52,87964.61
프레이,캐스터,통찰4세트,캐스터C,AX,8025.81,86201.5
프레이,캐스터,공격4세트,캐스터A,AX,7964.1,88874.21
프레이,캐스터,파괴4세트,캐스터A,AX,7956.36,86993.89
프레이,캐스터,통찰4세트,캐스터B,AX,7889.72,84879.14
프레이,캐스터,속도4세트,캐스터A,AX,7843.45,79570.72
프레이,캐스터,공격4세트,캐스터C,AX,7728.0,86453.81
프레이,캐스터,공격4세트,캐스터B,AX,7714.0,86083.16
프레이,캐스터,파괴4세트,캐스터B,AX,7677.28,83942.47
프레이,캐스터,파괴4세트,캐스터C,AX,7607.37,83611.88
프레이,캐스터,속도4세트,캐스터C,AX,7582.07,77110.26
프레이,캐스터,속도4세트,캐스터B,AX,7568.33,76779.67
프레이,캐스터,체력4세트,캐스터A,AX,7130.41,79570.72
프레이,캐스터,통찰4세트,캐스터A,FX,7017.1,71041.0
프레이,캐스터,체력4세트,캐스터C,AX,6892.79,77110.26
프레이,캐스터,체력4세트,캐스터B,AX,6880.3,76779.67
프레이,캐스터,통찰4세트,캐스터C,FX,6816.76,68968.13
프레이,캐스터,통찰4세트,캐스터B,FX,6758.89,68426.89
프레이,캐스터,공격4세트,캐스터A,FX,6720.89,70432.28
프레이,캐스터,통찰4세트,캐스터A,EX,6695.0,65140.86
프레이,캐스터,통찰4세트,캐스터C,EX,6686.15,64928.87
프레이,캐스터,파괴4세트,캐스터A,EX,6655.43,66285.51
프레이,캐스터,공격4세트,캐스터A,EX,6618.56,67406.58
프레이,캐스터,파괴4세트,캐스터A,FX,6614.64,68148.16
프레이,캐스터,속도4세트,캐스터A,FX,6585.25,62737.1
프레이,캐스터,속도4세트,캐스터A,EX,6511.65,60041.98
프레이,캐스터,공격4세트,캐스터B,FX,6500.6,68123.73
프레이,캐스터,통찰4세트,캐스터B,EX,6459.98,62743.86
프레이,캐스터,공격4세트,캐스터C,FX,6459.44,67920.34
프레이,캐스터,공격4세트,캐스터C,EX,6435.89,65739.57
프레이,캐스터,파괴4세트,캐스터B,EX,6418.69,63846.38
프레이,캐스터,공격4세트,캐스터B,EX,6408.9,65197.2
프레이,캐스터,파괴4세트,캐스터C,EX,6378.17,63846.38
프레이,캐스터,파괴4세트,캐스터B,FX,6371.24,65640.5
프레이,캐스터,속도4세트,캐스터B,FX,6342.93,60428.55
프레이,캐스터,속도4세트,캐스터C,EX,6304.91,58313.7
프레이,캐스터,속도4세트,캐스터C,FX,6302.77,60248.13
프레이,캐스터,속도4세트,캐스터B,EX,6281.02,57832.6
프레이,캐스터,파괴4세트,캐스터C,FX,6272.49,64978.98
프레이,캐스터,체력4세트,캐스터A,FX,5986.59,62737.1
프레이,캐스터,체력4세트,캐스터A,EX,5919.68,60041.98
프레이,캐스터,체력4세트,캐스터B,FX,5766.3,60428.55
프레이,캐스터,체력4세트,캐스터C,EX,5731.74,58313.7
프레이,캐스터,체력4세트,캐스터C,FX,5729.79,60248.13
프레이,캐스터,체력4세트,캐스터B,EX,5710.02,57832.6
프레이(달속성파티),캐스터,통찰4세트,캐스터A,AX,11623.69,89392.15
프레이(달속성파티),캐스터,통찰4세트,캐스터C,AX,11408.17,87578.96
프레이(달속성파티),캐스터,공격4세트,캐스터A,AX,11332.68,90468.65
프레이(달속성파티),캐스터,파괴4세트,캐스터A,AX,11312.78,88421.43
프레이(달속성파티),캐스터,통찰4세트,캐스터B,AX,11215.97,86256.6
프레이(달속성파티),캐스터,속도4세트,캐스터A,AX,11160.99,80998.25
프레이(달속성파티),캐스터,공격4세트,캐스터C,AX,10996.56,87998.18
프레이(달속성파티),캐스터,공격4세트,캐스터B,AX,10976.78,87627.53
프레이(달속성파티),캐스터,파괴4세트,캐스터B,AX,10915.97,85319.93
프레이(달속성파티),캐스터,파괴4세트,캐스터C,AX,10817.23,84989.34
프레이(달속성파티),캐스터,속도4세트,캐스터C,AX,10788.91,78487.72
프레이(달속성파티),캐스터,속도4세트,캐스터B,AX,10769.5,78157.13
프레이(달속성파티),캐스터,체력4세트,캐스터A,AX,10146.36,80998.25
프레이(달속성파티),캐스터,통찰4세트,캐스터A,FX,9966.22,72081.59
프레이(달속성파티),캐스터,체력4세트,캐스터C,AX,9808.1,78487.72
프레이(달속성파티),캐스터,체력4세트,캐스터B,AX,9790.46,78157.13
프레이(달속성파티),캐스터,통찰4세트,캐스터C,FX,9681.22,69970.42
프레이(달속성파티),캐스터,통찰4세트,캐스터B,FX,9599.49,69429.18
프레이(달속성파티),캐스터,공격4세트,캐스터A,FX,9554.85,71600.51
프레이(달속성파티),캐스터,통찰4세트,캐스터A,EX,9511.34,66181.45
프레이(달속성파티),캐스터,통찰4세트,캐스터C,EX,9496.76,65931.16
프레이(달속성파티),캐스터,파괴4세트,캐스터A,EX,9455.46,67326.1
프레이(달속성파티),캐스터,공격4세트,캐스터A,EX,9410.34,68574.8
프레이(달속성파티),캐스터,파괴4세트,캐스터A,FX,9397.86,69188.75
프레이(달속성파티),캐스터,속도4세트,캐스터A,FX,9362.01,63777.69
프레이(달속성파티),캐스터,속도4세트,캐스터A,EX,9258.07,61082.56
프레이(달속성파티),캐스터,공격4세트,캐스터B,FX,9241.67,69253.66
프레이(달속성파티),캐스터,공격4세트,캐스터C,FX,9183.55,69050.27
프레이(달속성파티),캐스터,통찰4세트,캐스터B,EX,9177.36,63746.15
프레이(달속성파티),캐스터,공격4세트,캐스터C,EX,9150.29,66869.5
프레이(달속성파티),캐스터,파괴4세트,캐스터B,EX,9119.06,64848.68
프레이(달속성파티),캐스터,공격4세트,캐스터B,EX,9112.16,66327.13
프레이(달속성파티),캐스터,파괴4세트,캐스터C,EX,9061.83,64848.68
프레이(달속성파티),캐스터,파괴4세트,캐스터B,FX,9052.05,66642.79
프레이(달속성파티),캐스터,속도4세트,캐스터B,FX,9017.52,61430.85
프레이(달속성파티),캐스터,속도4세트,캐스터C,EX,8963.82,59316.0
프레이(달속성파티),캐스터,속도4세트,캐스터C,FX,8960.8,61250.43
프레이(달속성파티),캐스터,속도4세트,캐스터B,EX,8930.08,58834.89
프레이(달속성파티),캐스터,파괴4세트,캐스터C,FX,8912.59,65981.28
프레이(달속성파티),캐스터,체력4세트,캐스터A,FX,8510.92,63777.69
프레이(달속성파티),캐스터,체력4세트,캐스터A,EX,8416.43,61082.56
프레이(달속성파티),캐스터,체력4세트,캐스터B,FX,8197.74,61430.85
프레이(달속성파티),캐스터,체력4세트,캐스터C,EX,8148.93,59316.0
프레이(달속성파티),캐스터,체력4세트,캐스터C,FX,8146.18,61250.43
프레이(달속성파티),캐스터,체력4세트,캐스터B,EX,8118.26,58834.89
"프레이(달속성파티, 1lv)",캐스터,통찰4세트,캐스터A,AX,7407.09,80250.93
"프레이(달속성파티, 1lv)",캐스터,공격4세트,캐스터A,AX,7279.69,81896.59
"프레이(달속성파티, 1lv)",캐스터,통찰4세트,캐스터C,AX,7246.03,78367.64
"프레이(달속성파티, 1lv)",캐스터,파괴4세트,캐스터A,AX,7206.24,79365.33
"프레이(달속성파티, 1lv)",캐스터,통찰4세트,캐스터B,AX,7122.3,77165.45
"프레이(달속성파티, 1lv)",캐스터,속도4세트,캐스터A,AX,7097.98,72593.1
"프레이(달속성파티, 1lv)",캐스터,공격4세트,캐스터C,AX,7044.46,79446.15
"프레이(달속성파티, 1lv)",캐스터,공격4세트,캐스터B,AX,7031.6,79105.54
"프레이(달속성파티, 1lv)",캐스터,파괴4세트,캐스터B,AX,6929.17,76313.9
"프레이(달속성파티, 1lv)",캐스터,파괴4세트,캐스터C,AX,6865.61,76013.36
"프레이(달속성파티, 1lv)",캐스터,속도4세트,캐스터C,AX,6837.57,70102.6
"프레이(달속성파티, 1lv)",캐스터,속도4세트,캐스터B,AX,6825.08,69802.05
"프레이(달속성파티, 1lv)",캐스터,체력4세트,캐스터A,AX,6452.71,72593.1
"프레이(달속성파티, 1lv)",캐스터,통찰4세트,캐스터A,FX,6332.68,64505.71
"프레이(달속성파티, 1lv)",캐스터,체력4세트,캐스터C,AX,6215.97,70102.6
"프레이(달속성파티, 1lv)",캐스터,체력4세트,캐스터B,AX,6204.62,69802.05
"프레이(달속성파티, 1lv)",캐스터,통찰4세트,캐스터C,FX,6128.39,62381.15
"프레이(달속성파티, 1lv)",캐스터,공격4세트,캐스터A,FX,6126.02,64660.9
"프레이(달속성파티, 1lv)",캐스터,통찰4세트,캐스터B,FX,6076.05,61891.6
"프레이(달속성파티, 1lv)",캐스터,통찰4세트,캐스터A,EX,6068.56,59148.35
"프레이(달속성파티, 1lv)",캐스터,공격4세트,캐스터A,EX,6050.25,61883.13
"프레이(달속성파티, 1lv)",캐스터,통찰4세트,캐스터C,EX,6038.98,58727.67
"프레이(달속성파티, 1lv)",캐스터,파괴4세트,캐스터A,EX,6024.69,60187.7
"프레이(달속성파티, 1lv)",캐스터,파괴4세트,캐스터A,FX,5967.24,61879.0
"프레이(달속성파티, 1lv)",캐스터,속도4세트,캐스터A,FX,5936.67,56965.72
"프레이(달속성파티, 1lv)",캐스터,공격4세트,캐스터B,FX,5907.3,62352.34
"프레이(달속성파티, 1lv)",캐스터,속도4세트,캐스터A,EX,5892.29,54518.52
"프레이(달속성파티, 1lv)",캐스터,공격4세트,캐스터C,FX,5869.63,62166.18
"프레이(달속성파티, 1lv)",캐스터,공격4세트,캐스터C,EX,5865.2,60170.17
"프레이(달속성파티, 1lv)",캐스터,공격4세트,캐스터B,EX,5842.16,59673.75
"프레이(달속성파티, 1lv)",캐스터,통찰4세트,캐스터B,EX,5835.11,56751.34
"프레이(달속성파티, 1lv)",캐스터,파괴4세트,캐스터B,EX,5789.53,57748.57
"프레이(달속성파티, 1lv)",캐스터,파괴4세트,캐스터C,EX,5750.99,57748.57
"프레이(달속성파티, 1lv)",캐스터,파괴4세트,캐스터B,FX,5725.42,59371.33
"프레이(달속성파티, 1lv)",캐스터,속도4세트,캐스터B,FX,5696.08,54657.16
"프레이(달속성파티, 1lv)",캐스터,속도4세트,캐스터C,EX,5682.93,52744.3
"프레이(달속성파티, 1lv)",캐스터,속도4세트,캐스터B,EX,5663.39,52309.14
"프레이(달속성파티, 1lv)",캐스터,속도4세트,캐스터C,FX,5659.76,54493.98
"프레이(달속성파티, 1lv)",캐스터,파괴4세트,캐스터C,FX,5636.1,58772.99
"프레이(달속성파티, 1lv)",캐스터,체력4세트,캐스터A,FX,5396.97,56965.72
"프레이(달속성파티, 1lv)",캐스터,체력4세트,캐스터A,EX,5356.62,54518.52
"프레이(달속성파티, 1lv)",캐스터,체력4세트,캐스터B,FX,5178.26,54657.16
"프레이(달속성파티, 1lv)",캐스터,체력4세트,캐스터C,EX,5166.3,52744.3
"프레이(달속성파티, 1lv)",캐스터,체력4세트,캐스터B,EX,5148.54,52309.14
"프레이(달속성파티, 1lv)",캐스터,체력4세트,캐스터C,FX,5145.23,54493.98
힐데,디펜더,공격4세트,디펜더A,AX,0.0,0.0
힐데,디펜더,공격4세트,디펜더A,FX,0.0,0.0
힐데,디펜더,공격4세트,디펜더A,EX,0.0,0.0
힐데,디펜더,통찰4세트,디펜더A,AX,0.0,0.0
힐데,디펜더,통찰4세트,디펜더A,FX,0.0,0.0
힐데,디펜더,통찰4세트,디펜더A,EX,0.0,0.0
힐데,디펜더,파괴4세트,디펜더A,AX,0.0,0.0
힐데,디펜더,파괴4세트,디펜더A,FX,0.0,0.0
힐데,디펜더,파괴4세트,디펜더A,EX,0.0,0.0
힐데,디펜더,속도4세트,디펜더A,AX,0.0,0.0
힐데,디펜더,속도4세트,디펜더A,FX,0.0,0.0
힐데,디펜더,속도4세트,디펜더A,EX,0.0,0.0
힐데,디펜더,체력4세트,디펜더A,AX,0.0,0.0
힐데,디펜더,체력4세트,디펜더A,FX,0.0,0.0
힐데,디펜더,체력4세트,디펜더A,EX,0.0,0.0
